Employee_ID,Previous_Company_Count,Total_Work_Experience_Years,Years_at_Company,Years_in_Current_Role,Years_Since_Last_Promotion,Years_With_Manager
EMP0001,1,9.8,2.6,2.4,2.0,2.4
EMP0002,3,6.4,2.5,0.9,0.2,1.8
EMP0003,0,0.5,0.3,0.3,0.3,0.2
EMP0004,0,11.0,7.5,3.5,6.8,4.5
EMP0005,0,2.0,1.9,0.7,1.8,1.3
EMP0006,2,9.4,3.5,2.6,1.8,3.3
EMP0007,0,5.2,0.5,0.5,0.4,0.4
EMP0008,0,1.5,0.3,0.2,0.2,0.3
EMP0009,0,2.0,1.8,1.1,1.5,1.1
EMP0010,0,8.8,5.4,5.3,3.7,5.2
EMP0011,0,1.4,0.9,0.7,0.6,0.5
EMP0012,1,11.2,9.6,8.1,4.0,5.5
EMP0013,3,8.0,3.9,2.4,2.3,3.4
EMP0014,1,12.5,7.9,4.4,5.6,6.2
EMP0015,0,2.2,1.7,0.8,1.7,1.1
EMP0016,2,9.0,3.2,1.4,1.0,3.2
EMP0017,4,11.2,1.7,0.8,1.4,1.5
EMP0018,2,2.9,2.2,1.8,2.1,1.3
EMP0019,2,2.4,1.3,1.0,1.1,1.1
EMP0020,0,1.0,0.6,0.4,0.5,0.5
EMP0021,2,3.4,1.7,0.7,0.6,1.2
EMP0022,1,8.8,6.9,4.0,0.3,2.4
EMP0023,1,6.4,4.8,1.5,1.7,4.2
EMP0024,1,5.7,3.5,1.6,3.1,3.2
EMP0025,1,2.0,1.5,0.6,1.3,0.9
EMP0026,1,1.1,0.3,0.2,0.2,0.2
EMP0027,0,0.5,0.4,0.2,0.0,0.3
EMP0028,2,21.7,10.9,10.3,3.1,5.3
EMP0029,1,4.6,4.0,2.1,3.0,3.1
EMP0030,0,3.6,0.6,0.4,0.1,0.5
EMP0031,2,15.9,5.1,2.6,1.6,4.1
EMP0032,0,1.2,0.4,0.2,0.2,0.4
EMP0033,0,1.0,0.9,0.5,0.9,0.9
EMP0034,1,0.6,0.3,0.2,0.1,0.2
EMP0035,1,15.9,3.1,1.5,1.0,2.2
EMP0036,2,15.7,13.2,4.0,11.7,9.5
EMP0037,0,3.7,1.6,0.9,0.1,1.4
EMP0038,0,2.1,0.3,0.2,0.2,0.2
EMP0039,0,2.0,0.5,0.2,0.3,0.4
EMP0040,0,7.3,5.3,3.3,1.7,1.6
EMP0041,0,3.4,1.6,1.2,0.1,1.1
EMP0042,2,12.0,5.0,2.7,3.4,2.3
EMP0043,2,13.0,8.0,7.5,1.1,2.8
EMP0044,0,7.4,5.0,4.4,0.5,2.3
EMP0045,2,8.3,4.8,3.0,4.3,2.9
EMP0046,4,20.8,4.4,2.7,0.4,3.2
EMP0047,1,5.0,2.0,0.7,1.8,0.6
EMP0048,2,7.6,3.7,2.5,1.9,2.8
EMP0049,0,18.0,16.3,7.4,2.7,16.3
EMP0050,0,2.2,0.6,0.4,0.0,0.4
EMP0051,3,14.9,7.2,6.7,6.7,5.9
EMP0052,1,3.9,3.0,1.9,0.8,1.1
EMP0053,2,9.5,1.4,1.0,0.3,1.3
EMP0054,0,10.3,7.1,6.1,2.5,6.5
EMP0055,1,7.0,4.2,1.3,3.8,2.2
EMP0056,3,6.8,4.1,3.5,2.9,1.6
EMP0057,4,8.8,3.2,3.2,0.7,1.9
EMP0058,0,1.9,0.9,0.6,0.4,0.4
EMP0059,0,2.0,0.7,0.3,0.6,0.4
EMP0060,1,2.1,1.1,0.9,0.8,0.9
EMP0061,0,6.9,2.5,2.0,1.7,1.3
EMP0062,2,4.0,0.5,0.2,0.2,0.4
EMP0063,2,3.2,0.8,0.4,0.6,0.5
EMP0064,1,14.0,9.7,3.5,8.8,5.2
EMP0065,0,7.9,5.6,2.1,0.0,3.0
EMP0066,0,5.1,3.7,1.6,1.2,1.5
EMP0067,3,6.7,4.7,3.0,0.2,4.0
EMP0068,0,0.5,0.3,0.2,0.0,0.2
EMP0069,1,9.0,7.1,5.0,2.8,3.8
EMP0070,3,4.2,2.9,2.3,0.1,2.7
EMP0071,0,0.5,0.3,0.2,0.2,0.2
EMP0072,4,29.5,15.8,13.4,13.1,7.3
EMP0073,5,9.7,1.9,1.5,0.7,1.2
EMP0074,3,14.0,4.7,3.5,0.7,4.1
EMP0075,0,16.0,14.1,11.3,7.1,4.7
EMP0076,3,18.4,9.7,8.4,2.7,7.5
EMP0077,1,0.5,0.3,0.2,0.1,0.3
EMP0078,0,3.5,2.6,2.4,1.3,1.1
EMP0079,1,3.1,1.7,1.5,0.2,1.3
EMP0080,1,2.8,1.4,1.3,0.0,0.6
EMP0081,0,2.2,1.4,1.3,0.6,1.3
EMP0082,0,3.1,2.8,2.5,2.6,0.9
EMP0083,2,7.4,3.2,1.5,1.7,1.0
EMP0084,2,12.5,5.6,5.1,2.7,3.4
EMP0085,1,9.8,4.8,2.5,2.8,4.7
EMP0086,3,3.6,0.6,0.6,0.5,0.4
EMP0087,0,0.7,0.3,0.2,0.1,0.2
EMP0088,3,8.1,4.6,1.4,3.9,3.2
EMP0089,0,3.6,3.4,2.5,2.7,1.7
EMP0090,5,19.0,9.7,6.9,3.9,7.5
EMP0091,1,10.1,2.5,1.7,1.7,1.5
EMP0092,5,13.1,3.6,3.5,0.4,1.8
EMP0093,2,11.7,2.0,0.8,1.9,1.8
EMP0094,1,17.0,9.1,2.8,6.6,6.2
EMP0095,1,5.4,4.1,2.2,2.5,2.3
EMP0096,1,0.6,0.3,0.3,0.0,0.2
EMP0097,0,1.0,0.4,0.4,0.2,0.3
EMP0098,1,6.0,2.9,1.0,0.6,1.2
EMP0099,0,0.5,0.3,0.2,0.1,0.2
EMP0100,1,1.8,1.5,0.7,0.3,0.7
EMP0101,3,19.0,6.1,4.4,4.6,5.1
EMP0102,1,0.7,0.3,0.2,0.1,0.3
EMP0103,2,18.0,9.9,9.4,0.4,7.7
EMP0104,4,8.7,2.2,1.8,0.4,1.4
EMP0105,3,11.3,1.6,1.2,0.3,0.6
EMP0106,2,12.5,3.3,2.1,0.2,1.8
EMP0107,1,2.4,1.2,1.1,0.6,0.7
EMP0108,1,9.0,3.1,2.1,2.4,2.9
EMP0109,1,1.6,0.5,0.4,0.1,0.3
EMP0110,2,19.4,4.0,3.1,2.1,3.5
EMP0111,1,2.3,1.2,1.0,1.0,1.2
EMP0112,0,3.0,2.0,1.0,1.4,1.2
EMP0113,2,13.4,3.6,2.5,1.5,1.5
EMP0114,7,14.9,5.1,2.7,2.3,4.4
EMP0115,1,4.2,2.2,0.9,0.0,1.3
EMP0116,0,4.2,3.8,1.8,3.2,2.1
EMP0117,0,3.0,1.2,0.8,0.1,1.0
EMP0118,2,11.4,8.8,4.3,0.4,5.2
EMP0119,1,2.1,1.3,0.6,0.2,0.7
EMP0120,0,0.5,0.3,0.2,0.1,0.2
EMP0121,1,0.6,0.4,0.2,0.1,0.2
EMP0122,0,0.5,0.3,0.3,0.3,0.3
EMP0123,2,1.3,0.4,0.3,0.3,0.4
EMP0124,2,4.0,1.8,1.3,1.8,1.7
EMP0125,1,1.3,0.3,0.2,0.2,0.2
EMP0126,0,1.6,1.2,0.6,0.4,1.1
EMP0127,0,3.0,2.2,1.6,1.2,1.0
EMP0128,1,2.8,1.2,0.9,0.7,1.1
EMP0129,2,9.0,5.0,3.6,3.7,2.8
EMP0130,1,12.3,7.9,6.9,2.4,7.7
EMP0131,0,4.0,2.8,2.6,2.0,2.8
EMP0132,3,14.2,1.6,0.8,0.9,0.5
EMP0133,0,0.5,0.3,0.2,0.2,0.2
EMP0134,0,2.0,1.8,1.5,1.1,0.7
EMP0135,0,7.9,5.8,2.8,3.3,3.3
EMP0136,2,11.7,6.7,3.1,3.4,4.7
EMP0137,3,19.3,5.3,1.7,0.3,1.9
EMP0138,0,0.5,0.3,0.2,0.1,0.2
EMP0139,2,15.5,4.9,2.4,0.7,1.6
EMP0140,4,4.0,1.8,1.0,1.6,1.4
EMP0141,1,2.4,1.6,0.6,1.3,1.4
EMP0142,0,2.0,1.5,0.8,0.4,0.9
EMP0143,5,24.7,17.9,5.4,3.9,17.9
EMP0144,1,0.6,0.5,0.4,0.3,0.3
EMP0145,3,9.0,2.9,2.5,0.7,0.9
EMP0146,0,6.7,3.5,3.1,3.4,2.5
EMP0147,5,10.0,1.7,1.6,1.1,1.2
EMP0148,0,9.0,4.2,3.8,1.8,3.4
EMP0149,4,15.0,6.1,3.2,1.9,2.4
EMP0150,2,3.4,1.9,1.8,1.5,1.3
EMP0151,0,1.8,0.9,0.3,0.4,0.6
EMP0152,3,7.0,3.4,3.1,2.9,3.0
EMP0153,0,8.4,5.4,2.9,4.9,3.9
EMP0154,0,1.0,0.6,0.3,0.1,0.2
EMP0155,2,1.7,0.6,0.3,0.2,0.6
EMP0156,0,3.0,1.6,0.9,1.5,1.3
EMP0157,1,3.2,3.0,1.1,2.9,1.4
EMP0158,1,2.0,1.4,0.5,0.3,1.3
EMP0159,3,18.0,14.5,14.4,12.5,7.6
EMP0160,0,2.5,1.7,0.9,1.6,1.1
EMP0161,7,24.0,7.6,2.7,4.4,7.5
EMP0162,1,24.4,21.2,6.5,3.3,20.9
EMP0163,1,2.2,1.2,1.0,0.2,1.0
EMP0164,1,14.9,10.3,9.9,8.8,8.7
EMP0165,2,5.7,1.2,0.8,0.2,1.1
EMP0166,0,8.5,6.5,2.7,1.4,3.0
EMP0167,0,2.5,1.1,0.9,0.0,0.7
EMP0168,1,2.1,1.4,1.0,1.2,0.5
EMP0169,0,0.5,0.4,0.2,0.1,0.2
EMP0170,0,4.7,1.8,0.6,1.8,0.9
EMP0171,4,20.0,8.4,5.8,4.1,5.0
EMP0172,1,10.8,5.1,2.1,4.2,3.3
EMP0173,1,10.8,4.9,3.9,3.1,3.9
EMP0174,2,21.0,17.2,9.1,13.4,13.9
EMP0175,1,9.5,3.2,1.8,2.2,1.6
EMP0176,0,1.3,0.8,0.4,0.3,0.2
EMP0177,2,17.0,7.3,5.8,1.1,4.0
EMP0178,0,7.0,6.1,5.8,1.8,5.0
EMP0179,0,1.0,0.5,0.4,0.1,0.4
EMP0180,0,5.1,2.9,2.0,0.6,1.7
EMP0181,2,14.7,10.1,7.6,9.4,8.0
EMP0182,0,2.4,0.4,0.2,0.3,0.3
EMP0183,0,8.3,3.7,2.0,3.1,2.0
EMP0184,0,1.5,0.3,0.3,0.3,0.3
EMP0185,0,2.0,1.7,0.8,1.0,1.3
EMP0186,0,0.6,0.3,0.2,0.3,0.2
EMP0187,1,10.6,3.8,2.1,3.0,1.5
EMP0188,4,21.8,7.3,6.0,0.2,6.0
EMP0189,0,0.5,0.3,0.2,0.2,0.3
EMP0190,1,3.4,1.1,0.3,0.2,0.4
EMP0191,1,2.2,1.7,0.6,0.3,1.5
EMP0192,0,0.9,0.3,0.3,0.2,0.2
EMP0193,1,6.0,4.2,1.8,2.9,1.8
EMP0194,1,10.0,3.1,1.1,2.2,1.3
EMP0195,2,9.4,2.7,1.0,1.9,1.2
EMP0196,1,6.8,2.7,2.4,0.8,1.9
EMP0197,1,6.8,3.7,3.2,2.8,3.5
EMP0198,1,0.5,0.4,0.3,0.4,0.2
EMP0199,0,0.7,0.5,0.3,0.4,0.2
EMP0200,4,17.3,13.8,4.7,7.0,12.6
EMP0201,3,9.0,4.3,3.6,1.0,1.6
EMP0202,2,11.4,6.2,4.0,2.0,2.3
EMP0203,2,12.0,6.6,4.2,4.7,5.8
EMP0204,1,7.2,2.9,1.3,1.6,2.9
EMP0205,1,13.7,11.2,5.2,9.2,5.1
EMP0206,0,4.0,0.9,0.8,0.7,0.6
EMP0207,0,0.5,0.3,0.3,0.3,0.2
EMP0208,2,2.8,0.9,0.3,0.3,0.5
EMP0209,2,2.7,0.8,0.3,0.3,0.7
EMP0210,1,2.1,0.3,0.2,0.0,0.3
EMP0211,3,6.0,4.7,3.7,1.0,4.4
EMP0212,2,14.5,11.3,6.0,2.0,7.5
EMP0213,2,14.3,8.2,5.0,4.4,2.8
EMP0214,0,7.0,5.1,2.0,3.8,5.1
EMP0215,0,1.0,0.3,0.2,0.2,0.2
EMP0216,4,14.6,10.7,4.9,5.0,6.2
EMP0217,0,5.0,3.5,1.4,2.4,1.7
EMP0218,0,1.0,0.5,0.3,0.2,0.3
EMP0219,1,1.6,1.4,0.5,0.5,1.0
EMP0220,0,0.5,0.4,0.3,0.0,0.4
EMP0221,0,0.5,0.3,0.3,0.0,0.2
EMP0222,1,10.8,9.8,6.0,0.4,4.5
EMP0223,2,13.6,10.9,8.2,0.5,3.8
EMP0224,1,14.1,8.4,4.5,6.3,6.9
EMP0225,1,1.5,1.0,0.4,0.4,0.4
EMP0226,2,11.6,6.5,5.1,4.5,2.0
EMP0227,3,8.0,4.5,1.5,1.9,1.8
EMP0228,2,2.4,0.8,0.3,0.1,0.4
EMP0229,0,8.0,1.1,0.8,0.5,0.5
EMP0230,2,7.5,5.3,3.9,2.5,1.8
EMP0231,1,7.6,5.7,2.2,4.3,3.0
EMP0232,0,0.8,0.5,0.4,0.0,0.2
EMP0233,2,4.5,2.7,1.6,1.5,2.5
EMP0234,1,2.0,1.5,1.3,0.2,1.0
EMP0235,0,1.1,0.3,0.2,0.2,0.2
EMP0236,2,1.4,0.4,0.4,0.3,0.3
EMP0237,5,23.6,15.1,4.8,13.8,12.5
EMP0238,0,2.0,0.5,0.4,0.4,0.4
EMP0239,3,6.0,1.9,1.4,0.5,1.4
EMP0240,0,3.0,2.3,1.9,0.1,1.0
EMP0241,0,13.0,6.9,3.6,1.2,2.1
EMP0242,3,5.7,1.4,1.2,0.2,0.7
EMP0243,2,11.9,3.4,2.7,0.0,1.5
EMP0244,0,0.5,0.3,0.2,0.2,0.2
EMP0245,0,3.0,1.8,1.0,1.5,1.3
EMP0246,2,3.8,1.2,1.1,1.2,0.5
EMP0247,0,5.2,3.7,1.7,3.4,1.7
EMP0248,1,10.8,5.2,3.1,4.6,3.7
EMP0249,3,20.0,10.6,9.9,8.7,4.0
EMP0250,1,6.1,1.1,0.8,0.6,0.4
EMP0251,2,17.6,9.8,8.8,8.7,7.1
EMP0252,1,4.6,4.4,1.5,0.4,1.9
EMP0253,0,1.3,0.3,0.2,0.1,0.3
EMP0254,1,7.2,2.7,1.1,0.6,1.7
EMP0255,1,1.9,1.2,0.9,0.9,0.5
EMP0256,1,10.2,2.8,1.9,1.5,2.5
EMP0257,2,2.3,0.7,0.2,0.2,0.4
EMP0258,3,4.0,1.5,0.9,1.4,0.7
EMP0259,3,7.2,3.2,1.5,2.6,2.4
EMP0260,1,0.6,0.4,0.2,0.2,0.4
EMP0261,0,3.6,2.3,1.6,0.5,1.4
EMP0262,6,15.0,4.8,3.0,0.3,2.7
EMP0263,1,0.7,0.3,0.2,0.2,0.2
EMP0264,2,7.5,2.3,2.2,1.5,1.5
EMP0265,0,1.4,0.9,0.9,0.2,0.6
EMP0266,0,1.6,1.0,0.9,0.7,0.5
EMP0267,0,1.3,0.3,0.3,0.2,0.2
EMP0268,4,13.2,2.7,2.0,0.8,2.4
EMP0269,1,22.6,3.9,2.5,3.1,3.5
EMP0270,0,0.5,0.4,0.2,0.2,0.2
EMP0271,1,19.0,11.5,6.4,10.2,9.8
EMP0272,1,5.7,4.5,3.0,2.5,1.9
EMP0273,1,10.3,6.5,5.7,3.5,6.5
EMP0274,2,13.1,3.3,2.1,0.3,2.1
EMP0275,2,14.0,3.4,1.3,1.6,1.4
EMP0276,3,7.9,3.9,2.3,1.4,2.7
EMP0277,0,6.8,6.0,5.7,0.0,5.6
EMP0278,0,3.4,1.1,1.1,0.7,1.0
EMP0279,0,1.3,1.1,1.1,1.0,0.7
EMP0280,2,3.8,3.5,1.1,0.3,3.4
EMP0281,0,11.6,7.1,5.6,1.2,2.7
EMP0282,2,1.7,1.2,0.8,0.9,0.4
EMP0283,0,2.7,1.3,0.8,1.0,0.7
EMP0284,2,2.1,1.8,0.8,1.7,1.6
EMP0285,1,1.3,0.8,0.2,0.4,0.6
EMP0286,2,7.2,3.2,2.1,2.5,1.1
EMP0287,1,7.0,4.0,2.0,3.4,3.1
EMP0288,3,6.3,2.1,2.1,1.1,1.5
EMP0289,0,1.0,0.3,0.2,0.2,0.3
EMP0290,0,7.6,0.7,0.3,0.3,0.3
EMP0291,3,8.1,3.2,3.2,1.5,2.7
EMP0292,1,9.9,3.6,1.9,1.7,3.6
EMP0293,1,8.4,4.1,3.2,3.1,2.7
EMP0294,0,7.6,5.3,3.6,1.3,1.9
EMP0295,0,7.2,4.0,4.0,3.3,1.5
EMP0296,4,18.1,11.3,10.6,8.7,10.4
EMP0297,1,8.0,6.4,4.2,1.7,3.4
EMP0298,0,4.0,1.7,0.6,0.6,1.4
EMP0299,3,8.7,6.1,5.8,4.6,2.7
EMP0300,2,1.0,0.5,0.3,0.3,0.5
EMP0301,2,15.0,14.0,10.1,6.8,6.9
EMP0302,3,3.6,1.4,0.9,0.1,1.1
EMP0303,0,3.9,3.6,2.1,2.5,2.8
EMP0304,1,24.4,15.3,11.9,9.9,11.8
EMP0305,0,10.5,7.3,6.2,0.8,2.8
EMP0306,0,2.0,1.0,1.0,0.3,0.4
EMP0307,0,3.7,2.7,2.6,1.9,1.2
EMP0308,0,0.8,0.5,0.3,0.2,0.3
EMP0309,2,5.9,1.9,1.7,0.9,1.4
EMP0310,2,3.4,2.0,1.6,0.5,0.7
EMP0311,1,15.1,11.5,9.8,4.5,6.3
EMP0312,2,18.4,15.1,10.6,5.7,11.2
EMP0313,1,4.0,0.6,0.5,0.6,0.4
EMP0314,1,6.0,4.8,3.4,4.6,4.0
EMP0315,0,0.5,0.3,0.3,0.3,0.3
EMP0316,0,1.7,1.1,0.6,1.0,0.7
EMP0317,2,14.4,5.1,3.7,2.2,2.6
EMP0318,2,1.0,0.4,0.2,0.2,0.3
EMP0319,0,3.9,0.3,0.2,0.1,0.2
EMP0320,2,3.6,2.8,1.6,1.9,2.6
EMP0321,1,1.1,0.3,0.2,0.1,0.2
EMP0322,2,7.8,5.1,2.5,4.5,2.6
EMP0323,2,13.0,11.0,7.4,4.5,9.1
EMP0324,1,10.4,5.0,3.8,0.4,3.6
EMP0325,2,9.0,2.4,1.0,1.9,2.0
EMP0326,3,13.0,2.2,1.6,0.1,1.2
EMP0327,1,7.4,1.8,1.0,1.3,0.6
EMP0328,0,10.0,8.3,7.3,0.6,3.3
EMP0329,1,4.0,1.8,1.5,0.5,1.6
EMP0330,1,1.5,0.4,0.4,0.4,0.3
EMP0331,0,13.3,11.6,8.8,1.2,6.9
EMP0332,0,1.8,1.3,0.8,0.6,0.7
EMP0333,0,1.0,0.3,0.2,0.1,0.3
EMP0334,0,2.0,1.2,1.1,0.9,0.8
EMP0335,0,7.1,2.3,1.7,1.7,1.5
EMP0336,1,4.5,1.9,1.8,1.7,1.1
EMP0337,1,6.0,0.7,0.5,0.7,0.6
EMP0338,1,12.0,3.8,1.8,0.8,2.2
EMP0339,1,3.8,1.3,1.1,0.7,0.8
EMP0340,1,6.8,2.7,2.3,0.0,2.4
EMP0341,3,5.7,3.3,2.7,2.8,2.1
EMP0342,1,14.1,2.9,2.5,1.8,2.2
EMP0343,0,3.2,2.3,1.0,1.6,1.8
EMP0344,2,1.7,0.7,0.5,0.5,0.3
EMP0345,0,4.7,2.0,1.7,0.2,1.3
EMP0346,1,10.3,6.2,3.3,2.5,3.9
EMP0347,6,12.0,0.4,0.3,0.1,0.2
EMP0348,0,4.5,1.7,0.7,0.1,1.7
EMP0349,3,10.4,2.0,1.3,0.9,1.7
EMP0350,1,6.3,4.8,4.3,0.4,2.4
EMP0351,1,2.1,1.1,0.9,0.1,0.9
EMP0352,0,2.9,2.3,0.8,1.5,1.8
EMP0353,1,3.0,1.6,0.9,0.9,1.6
EMP0354,0,1.6,1.3,1.2,1.1,1.2
EMP0355,0,4.4,2.7,2.0,2.5,2.3
EMP0356,0,5.9,4.2,3.0,3.3,2.8
EMP0357,1,7.1,3.3,3.0,1.7,2.1
EMP0358,2,8.5,3.4,3.0,1.7,2.5
EMP0359,1,14.6,9.1,3.0,0.2,8.4
EMP0360,2,9.8,2.2,1.6,1.4,2.0
EMP0361,1,1.0,0.5,0.2,0.2,0.4
EMP0362,0,7.3,4.0,1.9,0.7,2.2
EMP0363,0,7.9,5.9,3.1,4.5,2.4
EMP0364,2,4.7,1.5,1.4,0.1,1.0
EMP0365,2,1.0,0.4,0.2,0.2,0.4
EMP0366,1,1.7,1.0,0.6,1.0,1.0
EMP0367,2,9.7,3.2,2.8,3.1,1.2
EMP0368,0,8.0,2.9,1.1,0.7,1.8
EMP0369,1,3.3,1.9,1.7,0.3,1.4
EMP0370,2,5.4,1.2,1.1,1.0,1.0
EMP0371,1,15.0,7.2,6.1,6.1,6.5
EMP0372,1,1.0,0.9,0.4,0.7,0.4
EMP0373,1,11.3,6.8,4.9,4.3,5.5
EMP0374,0,0.6,0.3,0.3,0.1,0.2
EMP0375,0,7.5,5.4,3.2,3.7,4.6
EMP0376,2,5.3,0.9,0.8,0.9,0.6
EMP0377,0,2.4,1.3,1.2,1.2,1.3
EMP0378,5,19.0,4.4,3.9,3.4,3.1
EMP0379,0,6.9,3.0,2.4,0.9,0.9
EMP0380,6,26.2,3.7,2.1,2.0,1.4
EMP0381,1,2.8,1.3,0.5,0.4,1.1
EMP0382,5,16.0,4.5,2.6,3.4,2.2
EMP0383,0,12.0,5.8,2.1,2.1,3.7
EMP0384,1,5.4,3.5,2.3,1.7,1.9
EMP0385,1,1.4,0.6,0.5,0.2,0.4
EMP0386,0,10.9,10.4,4.6,5.6,4.5
EMP0387,0,6.0,2.0,1.1,1.6,0.8
EMP0388,1,11.3,1.8,1.6,1.0,0.7
EMP0389,1,5.3,4.1,1.6,3.0,3.8
EMP0390,0,2.8,2.0,1.3,1.7,0.7
EMP0391,0,0.5,0.3,0.3,0.0,0.2
EMP0392,0,7.8,6.4,6.3,3.8,4.6
EMP0393,1,17.8,7.3,4.7,2.6,4.4
EMP0394,1,2.0,1.1,0.4,0.5,0.5
EMP0395,2,12.0,3.9,3.2,3.7,2.5
EMP0396,3,17.9,7.5,3.5,4.4,4.5
EMP0397,1,1.5,1.3,0.6,1.1,1.1
EMP0398,1,1.0,0.3,0.2,0.1,0.2
EMP0399,0,8.0,7.3,6.5,7.0,5.7
EMP0400,1,11.8,4.8,4.4,3.0,1.5
EMP0401,0,1.0,0.6,0.5,0.3,0.6
EMP0402,4,9.0,5.3,3.4,4.7,1.7
EMP0403,1,8.2,5.3,1.9,4.1,3.1
EMP0404,0,13.8,12.8,7.5,2.7,7.7
EMP0405,3,12.7,8.7,5.8,3.9,5.8
EMP0406,1,10.5,3.7,2.4,2.8,3.7
EMP0407,0,5.0,0.4,0.3,0.3,0.3
EMP0408,0,1.8,0.3,0.2,0.1,0.3
EMP0409,1,4.3,2.5,1.1,2.0,1.1
EMP0410,1,1.6,0.6,0.3,0.0,0.2
EMP0411,7,9.0,2.9,1.8,1.4,2.0
EMP0412,0,0.5,0.3,0.2,0.3,0.2
EMP0413,2,4.6,1.5,0.6,0.6,1.5
EMP0414,2,1.9,1.2,1.0,0.4,0.8
EMP0415,1,1.6,1.1,0.4,0.8,0.9
EMP0416,1,2.2,2.0,1.8,1.2,1.2
EMP0417,2,7.0,5.4,4.6,1.2,5.1
EMP0418,1,10.0,3.1,1.9,0.5,2.0
EMP0419,0,1.0,0.3,0.2,0.0,0.2
EMP0420,0,13.5,7.8,6.8,7.2,5.3
EMP0421,2,18.0,7.9,4.5,4.2,6.6
EMP0422,1,8.1,4.9,3.5,2.6,2.9
EMP0423,2,13.5,7.2,6.2,1.4,3.8
EMP0424,0,5.9,5.5,4.4,1.3,5.3
EMP0425,0,3.9,2.3,1.1,1.0,1.0
EMP0426,0,4.5,2.9,2.4,0.5,1.0
EMP0427,0,2.0,0.3,0.3,0.0,0.2
EMP0428,1,12.1,9.9,3.8,6.6,3.1
EMP0429,0,19.5,14.9,9.5,5.1,7.8
EMP0430,1,12.1,10.2,6.4,9.0,6.2
EMP0431,0,5.2,3.7,1.7,2.9,2.3
EMP0432,3,8.5,4.7,2.0,1.7,2.4
EMP0433,3,27.0,18.9,13.5,16.9,11.7
EMP0434,1,1.1,0.4,0.2,0.3,0.4
EMP0435,1,3.6,3.1,3.0,2.5,2.5
EMP0436,0,3.3,1.3,0.8,1.2,1.2
EMP0437,3,3.1,1.2,1.0,0.9,0.8
EMP0438,0,3.0,1.0,0.6,0.3,0.4
EMP0439,0,3.0,1.7,1.0,1.3,1.2
EMP0440,1,8.7,4.9,3.6,0.8,4.3
EMP0441,0,2.0,0.5,0.2,0.2,0.4
EMP0442,0,3.4,3.1,2.2,2.7,2.8
EMP0443,0,0.5,0.3,0.2,0.2,0.3
EMP0444,1,5.2,1.4,1.4,0.2,1.2
EMP0445,6,19.1,10.2,4.9,8.2,3.2
EMP0446,0,2.2,2.0,1.5,0.3,1.4
EMP0447,3,14.5,11.0,10.5,10.9,6.1
EMP0448,2,9.4,6.3,2.7,3.7,6.1
EMP0449,0,2.2,0.9,0.4,0.6,0.7
EMP0450,3,9.0,5.0,3.7,0.7,1.8
EMP0451,2,11.9,5.8,4.6,0.2,4.9
EMP0452,1,7.9,3.3,1.9,0.8,1.8
EMP0453,2,0.5,0.3,0.2,0.2,0.2
EMP0454,0,1.9,0.4,0.3,0.1,0.3
EMP0455,5,23.6,16.6,14.4,4.2,6.1
EMP0456,4,9.9,6.7,3.3,0.3,2.5
EMP0457,1,11.9,6.7,3.9,1.1,3.1
EMP0458,5,13.9,3.4,1.2,3.3,2.8
EMP0459,2,2.0,1.1,0.6,0.3,0.7
EMP0460,0,14.0,8.4,5.3,6.6,4.5
EMP0461,2,7.0,3.3,2.8,1.5,1.5
EMP0462,1,8.0,5.7,5.7,4.9,5.2
EMP0463,0,3.6,2.9,2.0,1.2,1.6
EMP0464,3,3.1,1.9,0.7,1.6,0.9
EMP0465,4,9.8,2.6,2.4,2.3,1.4
EMP0466,2,11.0,7.6,3.8,3.2,2.6
EMP0467,2,6.0,2.4,1.8,1.0,2.1
EMP0468,0,3.7,2.9,1.0,1.5,2.2
EMP0469,1,2.9,1.8,0.7,1.3,1.6
EMP0470,2,28.2,21.5,12.5,16.3,18.1
EMP0471,0,6.0,2.6,1.2,1.9,2.4
EMP0472,4,5.0,2.4,1.0,1.3,2.0
EMP0473,0,4.3,1.5,0.9,0.4,0.8
EMP0474,0,4.0,1.7,1.3,1.4,1.0
EMP0475,0,3.5,2.2,1.0,0.8,0.7
EMP0476,2,4.6,1.9,0.6,1.9,1.4
EMP0477,1,9.9,3.8,1.5,2.1,1.4
EMP0478,4,17.0,12.1,7.6,5.0,7.8
EMP0479,5,14.0,8.2,6.9,5.7,2.5
EMP0480,2,3.1,0.5,0.2,0.4,0.3
EMP0481,1,4.9,0.5,0.3,0.4,0.3
EMP0482,4,14.0,2.4,2.4,1.5,1.0
EMP0483,1,10.8,7.5,2.3,6.0,4.6
EMP0484,2,8.8,4.0,2.9,1.1,2.0
EMP0485,0,9.9,7.3,4.8,5.6,2.4
EMP0486,0,8.0,4.7,3.9,2.3,2.8
EMP0487,1,11.0,2.1,2.0,0.8,1.3
EMP0488,0,9.0,1.5,1.3,0.0,1.3
EMP0489,0,0.8,0.3,0.2,0.2,0.2
EMP0490,3,4.2,1.5,0.9,0.3,0.5
EMP0491,1,8.7,4.5,3.1,0.9,4.2
EMP0492,0,2.3,1.6,1.3,1.1,1.0
EMP0493,0,10.1,3.5,1.4,0.0,1.7
EMP0494,0,3.3,2.7,1.8,2.2,1.4
EMP0495,0,2.0,0.5,0.3,0.4,0.4
EMP0496,0,9.0,3.8,3.2,1.0,1.7
EMP0497,3,12.5,6.5,5.7,4.9,2.2
EMP0498,2,12.3,7.8,7.1,4.1,6.8
EMP0499,1,3.0,1.6,0.8,0.6,1.0
EMP0500,5,15.4,5.0,3.3,4.4,3.1
EMP0501,0,4.4,2.1,2.0,0.7,1.2
EMP0502,2,7.3,4.6,2.3,0.3,2.2
EMP0503,0,3.6,2.8,1.7,0.7,1.8
EMP0504,0,8.0,7.0,4.7,1.7,6.7
EMP0505,0,11.1,9.3,5.4,9.0,6.6
EMP0506,2,4.0,2.4,1.5,2.2,2.0
EMP0507,1,6.2,1.0,0.8,0.3,0.6
EMP0508,2,12.5,6.8,5.6,6.2,5.9
EMP0509,0,7.7,3.5,1.8,0.3,1.7
EMP0510,0,2.0,0.9,0.4,0.6,0.4
EMP0511,6,27.5,4.7,2.6,1.8,3.8
EMP0512,2,14.6,7.9,3.6,5.4,4.3
EMP0513,6,23.1,8.1,7.4,5.4,6.0
EMP0514,0,28.7,22.8,12.5,16.4,15.7
EMP0515,3,20.6,5.0,1.7,2.5,4.9
EMP0516,4,16.0,9.4,7.3,6.3,7.3
EMP0517,1,6.0,3.1,1.8,0.3,2.7
EMP0518,0,2.8,2.5,1.4,1.1,2.0
EMP0519,1,6.8,2.3,2.1,1.9,1.2
EMP0520,0,10.0,7.1,6.9,2.6,3.3
EMP0521,0,4.1,3.0,1.6,1.7,1.1
EMP0522,0,18.9,13.9,5.2,1.6,9.0
EMP0523,0,2.0,1.4,1.0,0.8,0.8
EMP0524,1,3.9,1.6,1.5,1.2,0.6
EMP0525,0,3.6,2.4,2.0,1.5,1.6
EMP0526,1,5.0,2.0,0.7,1.6,1.6
EMP0527,0,2.0,1.6,0.5,0.0,0.5
EMP0528,3,1.7,0.6,0.4,0.4,0.5
EMP0529,0,14.0,8.6,4.7,7.8,5.7
EMP0530,1,5.6,2.4,1.6,1.2,0.8
EMP0531,0,0.5,0.3,0.2,0.1,0.2
EMP0532,0,1.5,0.9,0.7,0.8,0.8
EMP0533,1,6.4,5.7,2.8,4.5,1.7
EMP0534,0,1.0,0.8,0.7,0.0,0.4
EMP0535,0,12.6,2.4,1.9,2.2,1.1
EMP0536,3,9.5,2.4,1.0,1.4,1.8
EMP0537,2,1.9,1.3,1.1,0.8,0.6
EMP0538,0,4.6,3.4,2.5,0.2,2.1
EMP0539,1,1.7,0.9,0.8,0.2,0.5
EMP0540,0,1.5,0.8,0.5,0.5,0.5
EMP0541,2,12.1,6.1,5.5,4.7,2.7
EMP0542,3,4.0,2.0,1.1,0.8,0.8
EMP0543,6,15.0,2.4,0.9,0.2,1.4
EMP0544,0,0.5,0.3,0.2,0.2,0.2
EMP0545,0,2.9,1.3,0.9,0.0,0.5
EMP0546,1,6.7,5.9,3.1,0.8,5.7
EMP0547,0,6.5,3.2,1.2,2.3,2.6
EMP0548,4,25.3,16.2,14.0,12.2,12.7
EMP0549,1,1.3,0.5,0.4,0.1,0.3
EMP0550,0,15.5,7.0,6.4,5.4,6.3
EMP0551,1,13.8,10.3,5.9,4.2,7.7
EMP0552,3,4.1,0.9,0.5,0.5,0.7
EMP0553,1,4.2,3.1,1.4,1.0,2.8
EMP0554,0,4.4,2.6,1.3,1.3,1.4
EMP0555,0,0.5,0.3,0.2,0.2,0.2
EMP0556,1,7.3,5.6,5.4,4.6,3.3
EMP0557,0,3.7,2.9,2.7,2.9,1.5
EMP0558,1,13.0,9.3,4.3,2.4,4.7
EMP0559,2,5.1,4.0,3.4,0.1,3.5
EMP0560,1,5.6,5.2,2.5,4.8,4.4
EMP0561,4,9.0,1.6,1.2,0.2,1.3
EMP0562,2,5.6,1.8,0.6,0.9,1.2
EMP0563,2,14.0,9.0,3.9,7.8,7.4
EMP0564,0,1.6,1.0,0.4,0.0,0.4
EMP0565,6,28.3,11.9,6.5,1.0,9.9
EMP0566,0,8.0,5.3,3.7,5.1,3.5
EMP0567,0,10.1,5.7,3.6,1.8,4.0
EMP0568,1,7.5,3.1,2.2,1.2,1.8
EMP0569,2,7.8,3.6,2.8,1.9,1.8
EMP0570,1,3.7,1.2,1.0,0.9,0.4
EMP0571,1,8.3,1.2,0.5,0.2,0.4
EMP0572,4,3.9,1.9,1.0,1.8,1.6
EMP0573,0,1.0,0.4,0.2,0.2,0.3
EMP0574,0,4.0,0.9,0.7,0.7,0.5
EMP0575,0,3.9,0.9,0.5,0.8,0.5
EMP0576,1,5.0,2.3,1.4,1.4,1.3
EMP0577,6,14.0,5.2,2.9,3.8,3.0
EMP0578,1,3.0,2.0,1.6,0.2,0.6
EMP0579,3,10.0,2.0,0.7,1.6,0.7
EMP0580,0,3.6,1.2,0.6,0.3,1.2
EMP0581,0,10.1,4.8,3.5,2.9,3.8
EMP0582,3,15.3,10.4,6.4,7.4,4.3
EMP0583,0,4.0,2.4,2.2,1.8,1.7
EMP0584,1,9.0,5.3,2.3,0.6,2.3
EMP0585,2,17.4,11.2,6.9,5.9,5.0
EMP0586,2,12.0,5.2,1.9,0.3,2.4
EMP0587,0,4.0,2.5,2.4,1.9,2.0
EMP0588,0,5.5,4.4,2.7,0.3,1.7
EMP0589,0,7.9,7.0,5.0,3.9,3.2
EMP0590,0,0.5,0.4,0.3,0.3,0.4
EMP0591,5,11.8,5.7,1.7,5.0,4.6
EMP0592,0,1.6,1.3,0.6,1.2,0.5
EMP0593,2,7.5,1.5,0.5,0.5,0.8
EMP0594,2,2.7,1.7,0.6,0.3,1.7
EMP0595,0,1.8,0.6,0.3,0.3,0.2
EMP0596,3,26.0,19.1,8.4,11.4,8.9
EMP0597,5,12.6,3.5,2.1,3.0,2.1
EMP0598,3,17.9,14.8,14.1,3.3,13.6
EMP0599,2,17.9,5.4,2.2,1.5,3.6
EMP0600,0,5.0,3.1,2.5,3.1,1.4
EMP0601,1,1.1,0.4,0.4,0.0,0.4
EMP0602,2,2.0,0.3,0.2,0.0,0.2
EMP0603,2,8.0,4.1,2.9,4.0,3.4
EMP0604,2,3.5,2.1,1.1,0.5,0.8
EMP0605,3,17.6,9.3,4.1,8.7,2.9
EMP0606,0,1.5,0.3,0.2,0.2,0.2
EMP0607,0,1.4,0.4,0.3,0.1,0.2
EMP0608,1,0.5,0.3,0.2,0.0,0.3
EMP0609,0,1.0,0.7,0.2,0.1,0.6
EMP0610,0,0.5,0.4,0.3,0.4,0.2
EMP0611,3,14.7,8.8,3.9,7.0,5.5
EMP0612,1,3.0,0.7,0.4,0.1,0.5
EMP0613,2,4.3,2.2,1.0,2.0,1.4
EMP0614,3,19.0,6.9,3.7,4.0,3.4
EMP0615,0,5.4,3.6,2.0,0.2,1.3
EMP0616,3,15.5,11.1,8.8,0.4,5.0
EMP0617,0,5.7,4.3,1.3,2.4,1.3
EMP0618,0,0.5,0.3,0.2,0.2,0.2
EMP0619,0,1.6,0.6,0.3,0.0,0.6
EMP0620,4,19.0,8.8,2.8,6.5,4.2
EMP0621,0,7.1,3.0,1.8,1.1,1.0
EMP0622,1,3.0,1.5,0.9,0.6,1.3
EMP0623,0,3.3,1.7,0.6,1.0,0.8
EMP0624,1,14.0,9.5,4.9,4.1,2.9
EMP0625,2,13.3,12.3,7.1,10.5,9.1
EMP0626,3,5.0,1.5,1.3,1.5,0.7
EMP0627,3,12.6,1.2,1.0,0.5,0.9
EMP0628,1,12.8,8.5,5.6,8.3,7.9
EMP0629,1,8.5,7.6,7.2,1.8,6.3
EMP0630,0,2.0,0.4,0.2,0.1,0.4
EMP0631,1,2.8,0.3,0.3,0.2,0.2
EMP0632,1,24.0,21.5,19.0,11.4,16.1
EMP0633,0,6.0,1.5,0.8,0.9,1.3
EMP0634,0,7.8,4.4,3.6,0.1,3.2
EMP0635,1,3.5,2.4,1.2,1.0,1.7
EMP0636,0,2.3,1.7,1.2,1.2,1.1
EMP0637,0,9.0,5.7,4.1,3.2,5.1
EMP0638,2,1.1,0.5,0.2,0.3,0.3
EMP0639,2,9.0,1.1,0.9,0.7,1.0
EMP0640,0,5.2,3.4,2.9,1.8,1.5
EMP0641,0,2.4,1.6,0.8,1.3,1.6
EMP0642,0,2.6,0.4,0.3,0.1,0.2
EMP0643,3,13.9,5.4,3.0,2.2,2.9
EMP0644,1,2.7,1.8,0.8,0.1,1.6
EMP0645,0,0.8,0.7,0.7,0.0,0.7
EMP0646,0,9.7,6.6,4.1,0.8,6.5
EMP0647,0,5.0,3.1,1.0,2.2,1.5
EMP0648,1,3.1,0.4,0.2,0.3,0.3
EMP0649,0,0.5,0.3,0.2,0.1,0.2
EMP0650,1,14.0,8.7,6.4,2.9,7.3
EMP0651,0,1.0,0.3,0.2,0.3,0.3
EMP0652,1,3.4,2.2,1.5,0.9,1.8
EMP0653,0,1.9,1.5,0.5,1.2,0.6
EMP0654,0,1.0,0.4,0.4,0.1,0.2
EMP0655,1,3.4,1.8,0.7,0.4,0.8
EMP0656,1,1.1,0.9,0.3,0.7,0.4
EMP0657,0,2.0,0.9,0.7,0.3,0.6
EMP0658,1,4.0,2.1,1.9,0.6,0.8
EMP0659,3,13.7,2.6,0.9,0.8,1.9
EMP0660,0,0.5,0.3,0.2,0.1,0.2
EMP0661,0,2.8,1.7,1.2,0.5,1.5
EMP0662,4,20.6,9.5,4.4,3.3,8.8
EMP0663,3,13.3,5.0,1.7,0.1,4.8
EMP0664,1,12.8,4.5,3.1,0.2,2.5
EMP0665,0,1.0,0.7,0.6,0.5,0.5
EMP0666,0,5.8,3.3,1.9,1.7,2.5
EMP0667,0,0.5,0.3,0.2,0.3,0.2
EMP0668,0,3.7,2.9,2.5,1.6,1.3
EMP0669,0,4.0,3.4,2.3,1.1,3.1
EMP0670,0,6.7,5.5,3.5,5.4,3.1
EMP0671,0,7.6,6.6,3.1,1.0,3.9
EMP0672,0,3.4,1.7,0.9,1.3,0.7
EMP0673,0,3.7,2.0,0.8,1.1,0.7
EMP0674,1,8.7,2.3,2.0,0.4,1.9
EMP0675,1,8.0,6.8,3.2,6.1,6.3
EMP0676,0,17.6,15.2,13.0,1.0,12.1
EMP0677,1,2.4,1.7,0.9,1.2,0.7
EMP0678,0,6.7,3.7,1.6,2.5,3.2
EMP0679,0,0.5,0.3,0.2,0.3,0.3
EMP0680,0,1.0,0.7,0.6,0.3,0.5
EMP0681,2,9.7,7.4,6.9,0.9,5.5
EMP0682,0,0.8,0.3,0.3,0.2,0.2
EMP0683,2,8.8,2.7,1.1,2.0,1.0
EMP0684,0,6.8,2.0,1.1,1.3,0.6
EMP0685,0,3.5,2.2,1.4,1.2,1.1
EMP0686,0,0.9,0.6,0.2,0.4,0.3
EMP0687,1,4.3,3.3,2.5,1.3,2.8
EMP0688,2,16.4,10.3,8.9,9.2,9.9
EMP0689,0,4.7,3.3,2.9,1.6,1.3
EMP0690,1,8.5,3.7,1.3,2.7,1.3
EMP0691,3,1.0,0.8,0.7,0.7,0.7
EMP0692,1,8.9,6.6,5.0,5.5,5.2
EMP0693,1,3.1,2.1,0.7,1.9,1.3
EMP0694,1,7.8,5.1,3.5,2.9,4.2
EMP0695,2,12.0,5.5,3.0,1.7,4.9
EMP0696,0,8.3,6.4,5.0,4.8,3.0
EMP0697,2,2.0,0.7,0.6,0.7,0.4
EMP0698,0,1.0,0.3,0.3,0.2,0.3
EMP0699,2,0.5,0.4,0.2,0.1,0.4
EMP0700,2,3.1,1.8,1.3,0.7,1.2
EMP0701,1,10.6,7.7,3.8,3.8,4.7
EMP0702,1,1.7,0.9,0.8,0.0,0.3
EMP0703,2,6.7,5.2,3.5,1.2,3.7
EMP0704,1,13.1,8.1,6.0,0.1,7.8
EMP0705,1,3.4,2.8,2.4,1.8,1.1
EMP0706,0,0.6,0.4,0.2,0.1,0.3
EMP0707,0,2.1,1.8,1.4,1.3,1.2
EMP0708,0,12.0,9.4,3.6,2.5,8.0
EMP0709,1,7.7,5.0,1.7,1.4,4.9
EMP0710,1,13.6,4.1,1.9,1.0,3.0
EMP0711,2,13.0,7.2,5.7,6.1,4.8
EMP0712,1,8.3,5.8,3.0,5.2,2.8
EMP0713,0,18.0,16.9,16.6,16.8,14.5
EMP0714,3,12.0,4.3,3.7,1.3,1.9
EMP0715,4,12.9,3.7,2.4,0.5,3.0
EMP0716,2,9.1,4.7,3.4,3.8,2.8
EMP0717,0,9.0,4.9,4.0,1.2,1.8
EMP0718,1,12.8,9.3,3.0,6.7,4.5
EMP0719,4,11.2,7.2,4.4,3.8,2.6
EMP0720,0,4.0,1.9,0.9,1.4,0.8
EMP0721,2,4.9,3.3,3.0,1.9,1.9
EMP0722,1,5.8,2.5,0.8,1.3,1.3
EMP0723,1,19.0,4.6,1.5,2.7,3.0
EMP0724,0,4.8,4.3,1.6,3.8,1.9
EMP0725,3,9.6,2.7,2.4,1.0,1.1
EMP0726,4,12.8,4.8,4.2,0.7,2.0
EMP0727,6,19.0,11.0,6.0,8.3,9.4
EMP0728,2,3.9,1.9,1.5,0.7,0.6
EMP0729,0,15.2,6.2,5.9,1.6,5.3
EMP0730,0,8.2,7.1,5.7,1.8,5.9
EMP0731,2,12.4,2.7,1.1,2.5,1.4
EMP0732,1,13.3,8.6,6.0,2.1,5.4
EMP0733,2,7.5,3.5,1.2,3.2,1.5
EMP0734,1,7.3,3.9,2.2,2.3,1.8
EMP0735,0,2.2,1.5,0.8,0.2,0.7
EMP0736,2,28.9,25.3,25.1,22.5,9.1
EMP0737,1,3.4,2.0,1.8,0.3,1.6
EMP0738,0,9.1,3.1,2.9,1.0,2.3
EMP0739,0,12.0,8.2,2.9,0.5,7.1
EMP0740,1,8.9,6.1,2.0,3.3,3.4
EMP0741,0,1.3,0.5,0.3,0.0,0.2
EMP0742,0,1.0,0.4,0.2,0.2,0.2
EMP0743,6,19.8,2.1,2.0,1.2,1.7
EMP0744,1,3.3,1.7,1.6,0.2,0.8
EMP0745,0,2.8,2.1,1.1,1.3,0.7
EMP0746,2,10.7,6.3,5.1,0.2,5.9
EMP0747,2,2.4,0.9,0.8,0.5,0.4
EMP0748,1,14.0,7.3,4.8,4.7,6.2
EMP0749,0,1.0,0.3,0.2,0.0,0.2
EMP0750,1,3.9,2.5,2.2,1.1,1.7
EMP0751,0,1.0,0.4,0.2,0.3,0.2
EMP0752,2,6.0,1.4,1.2,1.3,0.9
EMP0753,2,5.0,1.5,0.6,1.2,0.5
EMP0754,2,8.9,1.2,0.4,0.2,0.6
EMP0755,1,8.0,4.5,3.4,1.4,4.4
EMP0756,1,4.0,1.8,0.6,0.3,1.6
EMP0757,0,2.6,1.3,0.6,1.2,0.5
EMP0758,1,2.0,1.4,1.0,0.5,0.5
EMP0759,2,13.8,7.1,5.4,5.6,2.9
EMP0760,0,3.5,2.2,1.8,1.7,1.6
EMP0761,8,25.8,11.7,4.4,2.6,6.5
EMP0762,4,2.6,0.6,0.3,0.1,0.2
EMP0763,0,0.6,0.3,0.2,0.3,0.2
EMP0764,0,3.7,2.9,2.5,2.4,1.7
EMP0765,0,1.0,0.5,0.2,0.2,0.5
EMP0766,0,12.0,9.9,7.7,1.3,4.7
EMP0767,3,6.6,2.4,2.2,0.2,2.2
EMP0768,0,0.5,0.3,0.3,0.0,0.2
EMP0769,2,12.5,7.1,3.3,0.2,3.6
EMP0770,2,3.5,1.4,0.4,0.2,1.2
EMP0771,1,12.0,7.4,6.6,5.3,5.5
EMP0772,1,19.0,8.6,3.3,8.4,5.0
EMP0773,0,9.3,8.5,3.5,4.5,5.1
EMP0774,3,12.8,7.8,6.2,6.8,2.5
EMP0775,1,13.0,10.5,7.3,10.0,9.6
EMP0776,3,6.1,2.7,2.5,0.2,2.6
EMP0777,0,10.0,5.4,4.2,1.8,1.8
EMP0778,0,0.5,0.3,0.3,0.2,0.2
EMP0779,3,8.0,6.1,2.5,4.5,5.4
EMP0780,0,18.3,8.5,6.0,5.8,7.4
EMP0781,0,0.8,0.5,0.4,0.4,0.3
EMP0782,1,11.9,5.1,3.6,3.6,1.7
EMP0783,1,17.0,11.3,5.9,0.2,8.4
EMP0784,1,0.5,0.4,0.4,0.3,0.2
EMP0785,3,7.3,3.4,3.2,1.8,3.3
EMP0786,1,11.5,3.8,1.7,0.1,1.7
EMP0787,3,28.0,19.4,8.6,1.7,16.4
EMP0788,1,3.2,0.3,0.2,0.1,0.2
EMP0789,1,7.3,2.9,2.5,0.1,1.1
EMP0790,0,10.5,6.7,3.0,6.5,4.4
EMP0791,1,0.9,0.9,0.8,0.6,0.8
EMP0792,0,2.3,1.6,0.9,1.0,0.9
EMP0793,3,1.0,0.4,0.3,0.2,0.3
EMP0794,0,3.7,2.2,1.8,1.1,1.5
EMP0795,2,7.4,1.8,1.0,0.3,0.9
EMP0796,0,8.8,7.1,5.6,5.3,6.9
EMP0797,1,13.3,12.0,5.3,7.0,6.6
EMP0798,0,8.6,6.4,2.2,0.3,3.9
EMP0799,1,5.8,2.2,1.5,2.2,1.1
EMP0800,1,2.2,1.1,0.8,0.2,0.9
EMP0801,1,2.6,0.9,0.5,0.1,0.3
EMP0802,0,2.4,1.6,0.7,1.2,0.5
EMP0803,0,0.8,0.5,0.2,0.0,0.2
EMP0804,0,0.5,0.3,0.3,0.1,0.3
EMP0805,1,1.4,1.1,0.6,0.9,0.7
EMP0806,1,2.1,1.6,0.8,0.3,0.6
EMP0807,0,8.6,5.1,3.6,1.1,2.3
EMP0808,2,6.6,2.6,1.5,1.4,1.4
EMP0809,1,12.2,5.6,4.4,2.3,4.7
EMP0810,2,12.9,3.3,1.9,1.9,2.7
EMP0811,1,6.2,2.7,1.6,1.4,0.8
EMP0812,1,1.0,0.7,0.6,0.3,0.3
EMP0813,1,5.0,4.6,2.9,0.5,3.1
EMP0814,0,1.0,0.6,0.4,0.3,0.4
EMP0815,3,7.3,2.1,1.9,1.8,0.7
EMP0816,5,6.0,1.2,1.0,0.6,1.1
EMP0817,2,4.0,0.5,0.2,0.3,0.2
EMP0818,0,2.0,1.2,1.0,0.9,1.1
EMP0819,1,14.0,11.4,8.3,1.5,7.7
EMP0820,3,14.0,5.9,4.9,4.7,3.0
EMP0821,5,9.0,2.6,2.2,1.7,2.3
EMP0822,1,3.8,3.3,1.6,1.6,3.2
EMP0823,4,7.0,2.6,1.6,0.6,1.5
EMP0824,1,1.1,1.0,1.0,0.7,0.8
EMP0825,2,9.0,2.6,0.8,0.1,1.3
EMP0826,1,5.1,2.2,1.2,1.3,0.7
EMP0827,2,2.5,1.9,0.7,0.5,1.3
EMP0828,1,2.0,0.5,0.5,0.3,0.3
EMP0829,2,16.5,3.4,3.0,3.1,1.5
EMP0830,2,8.6,1.7,0.6,1.6,0.6
EMP0831,0,5.1,1.7,1.5,0.5,1.7
EMP0832,4,5.8,0.6,0.4,0.4,0.5
EMP0833,4,8.4,3.1,2.9,0.1,2.6
EMP0834,3,4.1,1.0,0.5,0.4,1.0
EMP0835,1,1.5,0.8,0.5,0.0,0.3
EMP0836,1,7.0,4.3,1.6,2.4,3.4
EMP0837,3,13.0,6.6,5.3,5.9,5.2
EMP0838,2,1.1,0.5,0.3,0.2,0.4
EMP0839,0,7.3,4.7,4.6,4.4,1.8
EMP0840,1,1.7,0.8,0.5,0.0,0.4
EMP0841,3,11.8,4.8,4.5,2.7,4.4
EMP0842,3,12.0,4.7,4.7,0.5,3.4
EMP0843,1,8.8,8.7,5.7,1.0,7.6
EMP0844,0,6.0,1.2,0.4,0.6,0.8
EMP0845,2,22.4,21.0,8.3,4.2,9.0
EMP0846,0,4.0,2.2,1.5,0.6,2.0
EMP0847,1,9.5,7.9,6.0,1.0,2.9
EMP0848,2,13.0,8.2,4.0,3.3,6.5
EMP0849,0,1.2,0.6,0.3,0.2,0.4
EMP0850,1,3.3,2.4,1.3,0.7,2.4
EMP0851,3,7.6,2.0,1.9,0.4,1.6
EMP0852,1,1.0,0.8,0.5,0.1,0.6
EMP0853,3,3.0,0.9,0.8,0.5,0.4
EMP0854,1,6.3,4.9,4.5,2.5,1.5
EMP0855,2,6.5,1.3,0.5,1.0,1.0
EMP0856,1,3.3,1.8,1.6,1.7,1.1
EMP0857,0,10.7,4.1,1.7,0.0,2.5
EMP0858,2,5.0,3.1,1.0,1.8,1.6
EMP0859,4,8.0,3.4,3.3,0.6,1.7
EMP0860,1,2.2,0.3,0.2,0.2,0.2
EMP0861,0,4.0,2.3,1.4,0.8,1.5
EMP0862,1,3.6,2.3,1.1,1.9,2.1
EMP0863,1,10.7,6.7,3.5,2.8,2.3
EMP0864,1,6.9,3.4,1.3,0.7,1.7
EMP0865,1,11.4,2.5,1.8,2.1,1.2
EMP0866,0,3.3,1.4,0.6,1.2,0.8
EMP0867,0,3.3,2.3,2.2,1.7,0.9
EMP0868,0,2.7,2.2,2.0,0.8,2.1
EMP0869,3,3.4,1.9,0.6,0.8,0.8
EMP0870,0,6.6,2.4,2.1,0.4,0.7
EMP0871,0,6.1,4.6,1.7,3.3,4.6
EMP0872,0,0.5,0.3,0.2,0.2,0.3
EMP0873,1,0.5,0.4,0.4,0.3,0.4
EMP0874,0,3.7,2.3,1.8,0.5,2.0
EMP0875,0,27.0,21.6,17.0,5.3,10.5
EMP0876,0,3.1,0.7,0.4,0.6,0.5
EMP0877,0,1.8,1.4,1.2,0.7,1.2
EMP0878,4,19.0,8.7,5.2,5.7,5.5
EMP0879,0,1.0,0.3,0.3,0.3,0.2
EMP0880,1,5.1,2.7,2.7,0.5,0.9
EMP0881,4,12.3,4.1,2.4,1.0,2.8
EMP0882,1,12.0,3.3,2.2,0.6,1.3
EMP0883,2,11.3,7.5,6.4,0.1,7.5
EMP0884,4,7.6,0.7,0.6,0.1,0.5
EMP0885,1,16.5,8.0,7.2,0.2,7.0
EMP0886,0,1.8,0.5,0.2,0.2,0.2
EMP0887,1,18.0,6.6,3.9,1.6,2.1
EMP0888,2,16.8,10.8,7.6,7.8,6.1
EMP0889,3,12.8,1.1,0.9,0.3,0.4
EMP0890,4,3.6,1.1,0.7,0.8,0.7
EMP0891,0,2.4,0.8,0.5,0.6,0.8
EMP0892,0,10.0,5.1,2.2,1.0,1.7
EMP0893,2,3.3,2.1,1.2,1.6,1.1
EMP0894,0,3.4,0.8,0.4,0.4,0.5
EMP0895,4,14.0,7.0,6.5,5.3,3.6
EMP0896,4,6.7,5.0,4.0,4.8,3.3
EMP0897,1,0.7,0.3,0.2,0.1,0.3
EMP0898,0,4.0,1.9,1.3,1.3,1.5
EMP0899,1,1.0,0.5,0.5,0.2,0.2
EMP0900,0,0.6,0.3,0.2,0.1,0.2
EMP0901,2,3.0,1.8,1.8,0.6,0.6
EMP0902,3,13.2,7.8,4.3,1.9,7.6
EMP0903,2,14.7,10.2,4.5,8.5,6.9
EMP0904,0,6.7,4.7,4.2,3.6,3.1
EMP0905,4,4.3,1.5,0.8,0.8,1.0
EMP0906,1,9.2,5.0,1.5,3.7,3.9
EMP0907,3,9.1,7.2,6.9,5.6,6.5
EMP0908,4,18.3,11.2,10.4,7.8,6.5
EMP0909,2,3.9,2.1,0.9,2.1,1.3
EMP0910,2,8.4,3.4,2.7,2.3,1.7
EMP0911,3,5.6,2.6,2.0,1.5,1.2
EMP0912,2,3.0,1.1,0.6,0.9,0.7
EMP0913,0,13.6,11.7,10.6,8.3,11.5
EMP0914,1,6.3,0.6,0.2,0.6,0.3
EMP0915,4,8.2,3.7,3.2,1.6,3.0
EMP0916,1,2.3,0.7,0.3,0.1,0.6
EMP0917,2,6.0,4.5,3.5,1.5,4.5
EMP0918,1,8.5,2.7,1.2,1.8,1.8
EMP0919,2,7.9,5.2,2.0,3.3,5.2
EMP0920,0,7.6,7.0,3.4,0.6,6.5
EMP0921,1,3.0,1.6,0.8,1.3,1.6
EMP0922,2,11.0,5.9,5.3,4.2,2.4
EMP0923,4,5.0,1.1,1.0,0.6,1.0
EMP0924,0,13.0,10.5,3.7,8.1,4.0
EMP0925,1,1.0,0.3,0.3,0.1,0.2
EMP0926,3,8.1,3.0,1.8,0.9,1.8
EMP0927,1,9.0,6.3,5.1,5.9,2.4
EMP0928,1,10.2,8.2,4.5,5.6,8.2
EMP0929,0,3.4,3.1,2.0,2.4,2.2
EMP0930,1,15.0,9.0,8.8,0.3,5.5
EMP0931,2,3.4,1.4,0.8,1.0,0.7
EMP0932,2,3.7,0.3,0.2,0.2,0.2
EMP0933,1,6.6,2.7,2.4,2.2,1.9
EMP0934,1,1.0,0.5,0.2,0.3,0.5
EMP0935,0,3.5,1.8,0.9,1.6,1.2
EMP0936,0,1.5,1.1,0.7,0.2,0.5
EMP0937,1,6.9,1.9,1.2,1.3,0.6
EMP0938,1,12.9,6.6,3.7,1.7,6.4
EMP0939,0,5.5,3.4,1.0,2.6,1.7
EMP0940,0,1.0,0.8,0.6,0.4,0.2
EMP0941,1,1.6,0.8,0.4,0.4,0.4
EMP0942,1,2.5,1.4,1.3,0.2,1.1
EMP0943,0,0.5,0.3,0.2,0.3,0.2
EMP0944,1,4.3,2.9,1.7,1.2,1.3
EMP0945,0,1.0,0.8,0.8,0.1,0.4
EMP0946,3,19.8,15.1,13.6,9.4,10.4
EMP0947,2,1.9,0.7,0.5,0.4,0.5
EMP0948,1,3.1,1.9,1.6,1.5,0.9
EMP0949,3,12.9,2.7,0.9,0.7,2.1
EMP0950,1,0.5,0.3,0.2,0.1,0.2
EMP0951,2,4.0,0.6,0.6,0.5,0.3
EMP0952,0,27.1,21.5,15.1,6.5,19.2
EMP0953,1,15.0,10.0,9.8,4.7,8.1
EMP0954,0,9.7,7.6,5.3,5.5,3.1
EMP0955,1,2.0,0.4,0.2,0.2,0.2
EMP0956,3,3.6,1.6,1.2,1.2,1.1
EMP0957,4,15.4,11.3,6.5,2.0,3.4
EMP0958,4,16.3,0.5,0.3,0.3,0.2
EMP0959,1,3.1,1.4,0.8,0.6,1.1
EMP0960,0,4.0,3.8,3.6,2.0,2.1
EMP0961,0,1.0,0.5,0.3,0.3,0.4
EMP0962,1,2.6,1.9,1.0,1.8,1.6
EMP0963,1,14.2,8.0,7.4,7.3,6.6
EMP0964,1,1.8,1.7,1.7,0.8,0.7
EMP0965,2,5.9,2.9,1.7,1.2,2.3
EMP0966,1,1.0,0.5,0.2,0.0,0.2
EMP0967,2,5.0,2.0,1.8,0.7,1.7
EMP0968,1,2.8,1.0,0.9,0.2,1.0
EMP0969,1,4.9,2.5,0.9,0.8,1.9
EMP0970,2,2.9,0.9,0.9,0.2,0.6
EMP0971,2,17.6,9.6,8.4,8.2,4.5
EMP0972,0,1.3,1.1,0.6,0.8,0.9
EMP0973,0,4.7,3.5,1.8,2.5,2.8
EMP0974,0,0.9,0.3,0.3,0.1,0.3
EMP0975,0,0.5,0.3,0.2,0.2,0.3
EMP0976,1,2.0,0.4,0.4,0.2,0.4
EMP0977,1,2.9,1.7,1.5,1.2,0.7
EMP0978,2,3.1,1.4,0.7,0.1,0.8
EMP0979,0,5.0,3.5,1.1,1.3,1.2
EMP0980,3,13.0,8.1,6.4,7.3,3.3
EMP0981,0,2.0,1.2,0.5,0.3,1.1
EMP0982,1,5.6,4.7,4.0,1.5,2.4
EMP0983,2,3.5,1.5,0.7,0.6,0.9
EMP0984,1,3.0,0.6,0.2,0.4,0.4
EMP0985,2,6.4,3.0,1.4,0.2,1.5
EMP0986,0,3.0,2.2,1.1,1.3,0.9
EMP0987,0,0.5,0.4,0.2,0.0,0.3
EMP0988,4,7.3,1.2,1.0,0.5,0.7
EMP0989,5,24.0,3.5,1.1,3.2,1.2
EMP0990,3,27.9,14.5,6.5,10.1,8.7
EMP0991,4,27.9,12.0,7.1,3.0,7.3
EMP0992,1,5.1,3.4,2.1,0.3,2.5
EMP0993,0,3.4,1.9,1.7,1.8,1.9
EMP0994,2,3.6,3.2,2.8,1.8,2.6
EMP0995,2,0.7,0.5,0.3,0.3,0.3
EMP0996,4,1.4,0.9,0.7,0.7,0.6
EMP0997,1,2.0,0.3,0.2,0.1,0.2
EMP0998,1,6.5,3.2,1.7,3.0,2.9
EMP0999,2,1.2,0.3,0.2,0.0,0.2
EMP1000,2,1.0,0.7,0.3,0.6,0.5
EMP1001,1,7.9,7.0,6.0,2.1,2.3
EMP1002,2,4.8,1.4,1.4,0.7,0.5
EMP1003,5,15.9,7.7,7.2,2.3,3.5
EMP1004,0,0.7,0.6,0.3,0.5,0.3
EMP1005,3,8.7,0.4,0.2,0.2,0.2
EMP1006,0,1.7,0.4,0.3,0.1,0.4
EMP1007,1,3.9,1.7,1.3,1.3,1.3
EMP1008,0,1.2,0.6,0.4,0.3,0.4
EMP1009,1,3.1,1.1,0.4,0.1,0.7
EMP1010,0,5.6,4.0,3.3,0.5,2.4
EMP1011,1,1.5,1.1,0.4,0.3,1.0
EMP1012,0,3.5,2.3,1.3,1.0,1.6
EMP1013,3,14.2,12.4,7.9,0.6,7.7
EMP1014,0,1.0,0.7,0.5,0.6,0.5
EMP1015,0,5.0,3.4,3.0,1.7,2.1
EMP1016,1,7.0,1.0,0.9,0.0,1.0
EMP1017,0,2.8,1.0,0.4,0.6,0.6
EMP1018,0,4.5,2.5,0.8,2.5,1.5
EMP1019,0,2.6,0.9,0.6,0.6,0.5
EMP1020,1,12.3,9.8,4.9,2.9,7.1
EMP1021,0,1.9,1.0,0.5,0.8,0.5
EMP1022,1,0.7,0.5,0.2,0.3,0.4
EMP1023,0,3.4,3.0,1.2,1.4,2.1
EMP1024,1,10.1,8.8,5.4,7.9,5.1
EMP1025,0,7.5,1.6,0.5,0.4,0.8
EMP1026,1,14.7,5.7,2.3,4.7,2.1
EMP1027,1,10.7,6.5,5.1,2.0,2.8
EMP1028,2,14.4,7.9,4.4,4.7,7.8
EMP1029,3,5.0,0.3,0.3,0.1,0.3
EMP1030,2,13.0,5.2,4.0,2.9,4.0
EMP1031,3,3.6,1.4,1.4,0.5,0.8
EMP1032,2,5.0,4.6,3.7,0.8,2.7
EMP1033,4,12.0,5.3,3.3,1.5,4.5
EMP1034,4,8.1,3.1,2.9,0.6,1.8
EMP1035,1,2.0,1.2,0.8,0.3,1.0
EMP1036,2,6.4,4.8,4.6,3.6,1.5
EMP1037,0,1.0,0.6,0.6,0.2,0.5
EMP1038,4,19.6,12.7,11.9,9.9,9.1
EMP1039,2,8.0,7.2,3.7,1.8,3.0
EMP1040,1,8.0,5.8,3.2,5.6,4.1
EMP1041,0,7.0,5.1,3.6,1.4,3.6
EMP1042,2,11.9,3.7,1.5,1.3,3.3
EMP1043,0,2.0,1.8,1.4,0.5,1.5
EMP1044,2,15.0,9.8,6.2,1.5,6.7
EMP1045,3,7.9,3.7,2.7,1.7,2.4
EMP1046,0,0.5,0.4,0.3,0.2,0.2
EMP1047,2,0.5,0.3,0.2,0.3,0.3
EMP1048,1,3.6,1.6,1.5,1.0,1.5
EMP1049,2,6.7,2.8,1.1,2.2,2.4
EMP1050,3,10.0,4.8,4.4,2.6,1.6
EMP1051,5,16.8,5.9,4.4,3.2,2.7
EMP1052,3,13.4,6.6,5.0,2.0,6.1
EMP1053,0,3.5,2.7,1.8,0.2,1.1
EMP1054,0,5.2,1.8,1.3,1.1,1.2
EMP1055,0,9.9,5.2,3.7,4.5,2.9
EMP1056,4,19.1,11.7,7.0,6.1,10.4
EMP1057,0,3.3,0.5,0.4,0.4,0.3
EMP1058,3,17.2,3.2,2.4,0.5,1.4
EMP1059,0,4.1,0.7,0.4,0.1,0.3
EMP1060,2,11.8,9.9,4.7,4.0,5.2
EMP1061,1,24.6,20.3,9.5,4.6,18.9
EMP1062,2,8.9,1.1,0.6,0.2,0.5
EMP1063,0,2.3,2.0,1.3,1.9,0.8
EMP1064,1,8.7,4.2,3.7,3.1,2.8
EMP1065,2,2.4,1.7,0.9,0.4,0.8
EMP1066,2,14.5,9.0,7.0,3.7,3.7
EMP1067,0,1.0,0.3,0.2,0.2,0.3
EMP1068,2,10.5,8.3,5.3,0.8,5.4
EMP1069,4,10.3,0.9,0.6,0.3,0.8
EMP1070,0,1.7,1.1,0.6,1.0,0.6
EMP1071,0,5.0,2.7,1.2,1.5,2.1
EMP1072,4,9.1,6.8,6.4,6.0,3.6
EMP1073,2,8.1,3.1,2.3,0.3,2.7
EMP1074,0,0.8,0.4,0.2,0.2,0.3
EMP1075,0,4.0,3.6,2.0,1.6,2.4
EMP1076,0,8.0,4.8,4.6,0.9,2.1
EMP1077,2,11.8,1.9,0.8,0.7,0.6
EMP1078,1,3.4,2.3,2.0,1.1,0.9
EMP1079,1,1.8,1.2,1.0,0.7,0.5
EMP1080,1,5.5,2.5,1.4,2.0,1.0
EMP1081,1,6.4,4.4,3.0,1.1,3.0
EMP1082,0,0.6,0.3,0.2,0.3,0.2
EMP1083,2,11.4,3.8,2.6,0.4,2.4
EMP1084,1,2.3,0.5,0.2,0.0,0.4
EMP1085,1,4.1,0.7,0.7,0.3,0.3
EMP1086,1,12.1,3.2,2.5,1.0,2.9
EMP1087,0,4.0,1.7,0.6,1.1,0.5
EMP1088,1,3.4,0.9,0.8,0.3,0.3
EMP1089,0,2.0,1.1,0.6,0.8,0.8
EMP1090,1,2.2,1.6,0.9,0.4,1.1
EMP1091,0,0.5,0.3,0.3,0.3,0.2
EMP1092,1,9.2,2.0,1.6,1.6,0.9
EMP1093,0,8.0,5.1,5.0,4.7,4.4
EMP1094,1,2.2,0.6,0.2,0.4,0.2
EMP1095,1,0.5,0.3,0.2,0.1,0.2
EMP1096,0,1.8,0.9,0.4,0.2,0.5
EMP1097,1,3.6,2.5,0.8,0.0,1.9
EMP1098,1,8.0,3.0,1.8,1.7,1.0
EMP1099,4,9.8,2.7,0.8,2.2,1.4
EMP1100,5,21.4,14.5,11.2,4.2,4.7
EMP1101,1,3.9,1.6,1.5,1.2,1.1
EMP1102,0,8.0,5.7,3.5,4.2,2.1
EMP1103,1,6.6,4.2,2.6,1.8,2.7
EMP1104,0,2.0,1.3,1.2,0.4,0.8
EMP1105,5,13.0,4.5,4.1,2.6,1.9
EMP1106,1,2.5,2.2,1.6,1.9,1.6
EMP1107,1,8.1,7.0,3.0,6.3,4.1
EMP1108,1,9.2,5.0,3.8,2.4,3.9
EMP1109,2,13.0,7.0,6.5,6.9,5.9
EMP1110,1,6.0,2.3,0.9,1.4,1.5
EMP1111,0,0.8,0.3,0.2,0.3,0.2
EMP1112,0,11.0,5.1,1.9,2.8,5.1
EMP1113,1,13.0,0.6,0.5,0.5,0.2
EMP1114,0,5.0,4.1,2.0,0.7,1.9
EMP1115,0,10.4,6.2,2.9,3.1,2.6
EMP1116,0,3.4,2.2,1.9,0.9,0.8
EMP1117,2,8.4,5.1,3.3,4.8,1.9
EMP1118,3,13.0,9.0,4.8,2.9,7.4
EMP1119,0,2.2,1.8,1.4,1.4,0.6
EMP1120,0,4.0,3.1,1.5,1.5,3.1
EMP1121,4,23.0,16.4,10.2,10.5,16.1
EMP1122,4,14.1,6.2,3.1,1.3,5.7
EMP1123,7,21.7,14.0,5.2,1.7,13.4
EMP1124,2,5.8,4.6,2.4,3.2,3.0
EMP1125,3,26.0,13.7,8.3,12.3,12.6
EMP1126,0,0.9,0.3,0.2,0.2,0.2
EMP1127,0,3.4,0.8,0.7,0.4,0.6
EMP1128,1,5.0,3.7,2.9,2.7,2.0
EMP1129,1,9.7,5.3,4.3,3.1,2.1
EMP1130,0,17.0,14.8,5.2,9.1,8.3
EMP1131,0,15.4,12.5,11.3,2.1,11.9
EMP1132,1,3.6,1.9,1.1,1.7,0.9
EMP1133,0,6.5,3.0,2.7,2.8,1.4
EMP1134,0,3.6,2.8,2.7,0.4,1.4
EMP1135,1,6.7,4.0,3.1,0.6,1.2
EMP1136,0,3.0,1.2,1.1,0.9,0.8
EMP1137,1,7.0,4.3,2.0,1.7,1.7
EMP1138,2,15.0,10.6,3.5,6.3,5.4
EMP1139,1,9.8,8.5,7.7,0.2,6.7
EMP1140,0,13.8,11.3,6.4,9.4,4.2
EMP1141,1,4.4,2.1,1.0,1.6,1.8
EMP1142,0,6.7,3.7,2.4,2.9,1.9
EMP1143,0,1.0,0.5,0.2,0.2,0.5
EMP1144,0,5.7,3.1,2.2,0.3,1.9
EMP1145,1,7.6,5.4,3.5,4.6,2.1
EMP1146,0,0.5,0.3,0.3,0.1,0.3
EMP1147,0,0.7,0.3,0.3,0.2,0.3
EMP1148,0,12.8,8.7,7.0,7.3,4.0
EMP1149,1,6.0,2.6,1.4,2.4,2.4
EMP1150,2,6.3,3.2,2.7,1.4,1.5
EMP1151,0,1.3,0.3,0.2,0.2,0.3
EMP1152,0,7.0,4.9,2.5,2.2,4.8
EMP1153,1,7.6,2.4,2.2,0.1,2.0
EMP1154,3,5.0,3.7,2.6,2.1,1.8
EMP1155,2,4.6,1.9,1.8,0.9,0.9
EMP1156,0,2.0,0.6,0.5,0.6,0.4
EMP1157,2,21.0,2.4,2.3,2.1,1.5
EMP1158,0,1.0,0.6,0.3,0.4,0.4
EMP1159,0,6.0,3.4,2.5,3.3,1.9
EMP1160,0,1.1,0.7,0.4,0.0,0.5
EMP1161,2,7.8,1.9,1.5,0.6,1.7
EMP1162,1,0.5,0.4,0.3,0.0,0.2
EMP1163,2,18.0,14.9,13.7,8.6,10.1
EMP1164,1,8.8,0.5,0.2,0.0,0.2
EMP1165,0,4.0,3.1,2.1,0.2,1.7
EMP1166,0,2.3,0.8,0.6,0.4,0.3
EMP1167,0,3.0,1.3,0.9,0.1,1.0
EMP1168,0,3.9,2.7,1.6,1.6,1.1
EMP1169,0,4.4,2.0,1.2,0.9,0.9
EMP1170,1,4.0,3.2,2.1,0.8,1.9
EMP1171,4,21.0,9.0,8.3,2.8,7.7
EMP1172,4,8.7,0.5,0.3,0.4,0.3
EMP1173,5,17.5,5.0,3.1,3.3,1.9
EMP1174,1,1.2,0.3,0.3,0.3,0.3
EMP1175,2,11.0,3.6,2.5,1.4,2.7
EMP1176,0,4.6,3.3,1.2,1.4,3.0
EMP1177,2,3.1,0.6,0.5,0.3,0.4
EMP1178,6,20.0,9.0,6.6,3.5,4.6
EMP1179,0,7.2,6.3,5.8,1.0,2.1
EMP1180,6,11.2,4.1,2.4,2.0,1.9
EMP1181,1,13.8,4.3,2.0,3.4,3.2
EMP1182,1,0.5,0.4,0.2,0.2,0.4
EMP1183,1,10.0,6.2,2.1,2.4,6.1
EMP1184,0,8.3,2.5,2.0,0.3,1.5
EMP1185,4,16.0,10.4,9.6,6.8,4.0
EMP1186,2,10.0,5.6,5.2,4.9,2.4
EMP1187,3,3.2,1.5,1.4,0.5,0.9
EMP1188,1,0.5,0.3,0.2,0.2,0.3
EMP1189,0,3.3,1.8,1.7,1.6,1.7
EMP1190,3,4.3,1.7,0.7,0.4,1.6
EMP1191,0,3.7,2.7,1.2,1.4,2.3
EMP1192,0,8.4,4.8,3.5,1.0,2.9
EMP1193,2,5.4,2.0,1.5,1.5,1.8
EMP1194,2,13.5,9.1,7.8,1.4,8.7
EMP1195,0,2.9,1.7,0.6,1.4,1.5
EMP1196,0,5.0,3.2,2.2,3.1,1.7
EMP1197,0,0.8,0.4,0.3,0.0,0.2
EMP1198,0,11.3,6.7,2.4,5.8,2.1
EMP1199,0,0.5,0.3,0.3,0.0,0.2
EMP1200,0,2.0,0.4,0.2,0.3,0.4
EMP1201,3,0.8,0.6,0.4,0.5,0.3
EMP1202,2,9.0,4.5,2.5,1.7,2.1
EMP1203,0,0.9,0.6,0.5,0.5,0.5
EMP1204,1,6.0,5.2,1.9,5.1,1.7
EMP1205,2,14.5,10.0,7.2,1.5,3.1
EMP1206,0,12.7,5.1,2.9,1.2,5.0
EMP1207,0,1.0,0.6,0.5,0.6,0.3
EMP1208,1,3.0,0.8,0.4,0.1,0.4
EMP1209,2,7.4,1.1,0.7,0.0,0.4
EMP1210,0,1.7,1.2,0.6,0.4,0.5
EMP1211,6,13.6,7.0,3.3,6.3,4.9
EMP1212,0,3.4,3.2,1.2,2.0,2.0
EMP1213,2,3.6,2.0,1.4,1.8,1.1
EMP1214,3,2.9,0.8,0.4,0.4,0.3
EMP1215,0,5.0,3.2,3.0,0.7,1.3
EMP1216,0,0.5,0.4,0.4,0.2,0.2
EMP1217,1,9.8,6.3,4.7,3.8,5.4
EMP1218,3,1.1,0.4,0.3,0.4,0.2
EMP1219,4,23.7,11.6,7.6,11.5,7.2
EMP1220,4,9.0,1.6,1.1,1.4,1.1
EMP1221,2,2.7,1.9,1.0,0.3,1.7
EMP1222,0,0.5,0.3,0.3,0.1,0.3
EMP1223,1,0.9,0.3,0.2,0.0,0.2
EMP1224,0,0.5,0.4,0.3,0.2,0.4
EMP1225,0,0.8,0.3,0.3,0.2,0.2
EMP1226,5,20.8,2.5,1.9,1.5,1.5
EMP1227,0,4.3,2.5,0.8,2.1,1.6
EMP1228,2,3.9,2.5,2.3,0.8,1.7
EMP1229,0,4.0,1.8,1.1,0.3,1.7
EMP1230,3,2.1,0.3,0.3,0.1,0.3
EMP1231,7,21.4,5.7,1.8,0.7,4.1
EMP1232,0,1.7,1.5,1.0,1.4,1.4
EMP1233,1,9.5,7.5,6.6,7.4,7.3
EMP1234,1,8.5,3.8,3.5,3.3,2.1
EMP1235,3,3.6,0.7,0.6,0.6,0.4
EMP1236,0,2.9,2.2,1.6,0.7,1.7
EMP1237,2,5.0,2.1,1.0,0.7,1.3
EMP1238,0,10.1,8.9,7.5,6.6,4.8
EMP1239,1,7.0,5.3,2.5,2.0,4.0
EMP1240,0,9.6,8.5,4.1,2.7,5.4
EMP1241,1,11.3,10.0,8.1,1.0,8.3
EMP1242,1,13.0,4.0,3.3,1.9,2.2
EMP1243,2,4.0,2.4,2.0,2.1,1.9
EMP1244,2,8.4,3.4,2.3,1.8,2.6
EMP1245,2,12.1,5.4,2.2,0.8,4.8
EMP1246,0,1.2,0.5,0.3,0.0,0.4
EMP1247,5,20.5,15.0,10.4,14.0,8.2
EMP1248,1,0.5,0.3,0.2,0.2,0.2
EMP1249,1,1.3,0.7,0.5,0.5,0.4
EMP1250,6,13.6,2.7,2.6,0.4,1.6
EMP1251,2,7.0,3.3,3.2,0.2,2.3
EMP1252,1,0.5,0.3,0.2,0.0,0.2
EMP1253,0,2.0,0.9,0.3,0.3,0.7
EMP1254,1,4.6,3.1,1.0,2.2,1.7
EMP1255,2,13.0,5.6,2.6,2.3,3.2
EMP1256,0,3.0,1.6,0.9,0.9,1.0
EMP1257,2,2.3,0.8,0.4,0.3,0.4
EMP1258,1,4.3,3.3,2.7,1.7,1.5
EMP1259,5,24.0,7.8,2.4,2.6,7.0
EMP1260,0,0.5,0.3,0.3,0.0,0.2
EMP1261,2,18.8,5.6,3.2,1.8,1.8
EMP1262,1,20.0,10.6,9.6,4.9,8.6
EMP1263,2,0.9,0.4,0.3,0.2,0.2
EMP1264,1,15.3,6.0,4.7,3.3,4.7
EMP1265,5,9.0,3.8,2.0,3.5,1.4
EMP1266,2,8.8,5.6,4.7,3.6,4.7
EMP1267,0,4.8,0.7,0.3,0.1,0.5
EMP1268,2,10.5,4.1,2.3,2.4,1.9
EMP1269,1,8.0,7.0,4.9,0.3,5.8
EMP1270,2,10.0,4.6,1.7,3.1,3.1
EMP1271,0,18.6,10.3,8.0,8.1,9.0
EMP1272,1,4.0,2.5,0.8,2.0,2.3
EMP1273,2,8.3,4.2,1.8,1.3,1.4
EMP1274,1,18.0,7.1,5.0,1.3,6.1
EMP1275,0,3.2,0.6,0.2,0.4,0.4
EMP1276,2,3.0,0.5,0.3,0.5,0.3
EMP1277,0,3.8,2.3,1.2,1.0,2.3
EMP1278,1,15.2,11.8,10.5,8.8,7.4
EMP1279,0,1.3,0.8,0.5,0.4,0.6
EMP1280,3,7.1,3.4,1.8,3.0,3.2
EMP1281,0,0.8,0.3,0.3,0.2,0.2
EMP1282,4,6.3,1.4,1.4,0.2,1.3
EMP1283,1,6.0,3.3,1.7,1.8,3.0
EMP1284,0,1.0,0.3,0.2,0.1,0.2
EMP1285,0,13.0,9.6,7.4,1.6,4.8
EMP1286,0,0.5,0.3,0.2,0.2,0.2
EMP1287,1,12.0,8.3,5.2,6.9,5.2
EMP1288,0,2.7,1.3,1.2,1.1,0.7
EMP1289,1,27.0,16.4,16.0,2.0,11.7
EMP1290,2,4.3,0.9,0.9,0.8,0.9
EMP1291,1,1.0,0.8,0.6,0.2,0.4
EMP1292,0,2.0,1.5,1.2,0.7,1.4
EMP1293,0,2.5,1.7,1.2,0.9,1.2
EMP1294,2,4.9,1.4,1.0,0.2,0.5
EMP1295,5,13.3,2.9,1.5,0.1,0.9
EMP1296,1,4.6,1.6,0.6,0.3,0.8
EMP1297,1,5.1,0.4,0.2,0.3,0.4
EMP1298,0,6.1,4.3,3.4,3.4,2.7
EMP1299,0,8.5,7.2,4.0,5.3,5.0
EMP1300,2,9.4,2.0,1.5,1.1,1.7
EMP1301,1,7.0,5.4,5.2,3.2,4.4
EMP1302,1,13.0,6.3,4.4,0.6,4.2
EMP1303,2,18.1,7.7,4.4,6.0,7.4
EMP1304,2,5.0,2.1,0.8,1.4,0.7
EMP1305,0,1.4,1.0,1.0,0.2,0.7
EMP1306,0,1.4,0.6,0.2,0.5,0.3
EMP1307,2,7.0,0.8,0.5,0.3,0.6
EMP1308,0,6.4,6.2,2.7,0.1,3.1
EMP1309,2,10.7,5.5,3.6,1.4,4.8
EMP1310,0,7.9,6.5,6.1,5.2,2.6
EMP1311,4,7.0,3.8,3.6,0.6,2.0
EMP1312,0,7.4,4.7,3.2,2.0,4.0
EMP1313,1,0.7,0.5,0.5,0.4,0.4
EMP1314,1,9.0,8.6,7.5,3.2,7.3
EMP1315,0,2.6,2.2,1.1,1.1,1.5
EMP1316,2,8.0,4.4,1.4,1.9,3.4
EMP1317,4,15.0,2.5,0.9,1.1,2.3
EMP1318,3,9.9,1.5,1.3,1.4,1.5
EMP1319,0,11.3,8.6,3.9,0.8,4.0
EMP1320,0,4.8,2.6,1.5,1.9,2.1
EMP1321,2,8.9,1.9,1.5,0.6,0.6
EMP1322,0,5.0,4.4,2.8,3.7,3.7
EMP1323,2,3.6,0.7,0.6,0.3,0.5
EMP1324,0,2.0,1.6,1.3,1.5,1.1
EMP1325,1,2.4,0.7,0.3,0.6,0.4
EMP1326,2,5.0,1.4,0.9,0.2,0.7
EMP1327,0,2.0,1.9,1.7,0.5,0.7
EMP1328,2,7.5,2.4,1.7,0.9,0.8
EMP1329,1,15.0,10.1,5.2,3.8,10.0
EMP1330,4,13.6,4.2,2.7,1.9,2.2
EMP1331,1,2.9,1.4,0.6,0.3,1.1
EMP1332,2,13.6,6.4,4.9,5.1,5.2
EMP1333,1,0.6,0.4,0.3,0.3,0.4
EMP1334,3,6.6,3.2,1.5,0.3,2.1
EMP1335,5,15.0,5.5,4.1,4.4,3.4
EMP1336,1,4.0,1.4,0.6,1.0,1.0
EMP1337,0,3.2,1.3,0.7,1.2,1.1
EMP1338,0,2.0,1.4,0.9,0.9,0.9
EMP1339,0,3.7,2.6,2.4,2.5,1.4
EMP1340,0,9.9,4.2,1.7,2.8,4.0
EMP1341,0,2.4,1.6,1.2,0.9,1.2
EMP1342,1,1.0,0.8,0.5,0.2,0.3
EMP1343,1,4.0,2.4,1.5,0.8,2.2
EMP1344,0,1.1,0.4,0.4,0.2,0.2
EMP1345,2,12.0,6.8,6.7,6.3,2.3
EMP1346,2,12.8,6.3,3.4,3.6,5.1
EMP1347,2,7.8,6.1,2.0,3.9,2.9
EMP1348,1,17.5,9.8,6.9,8.7,4.5
EMP1349,0,3.8,3.3,2.5,1.5,1.1
EMP1350,3,12.7,7.7,2.9,5.8,4.5
EMP1351,0,1.8,1.5,1.3,0.5,1.0
EMP1352,1,3.2,0.6,0.6,0.2,0.5
EMP1353,1,9.6,6.5,2.3,0.5,5.1
EMP1354,0,3.8,1.3,1.1,0.9,0.8
EMP1355,0,11.1,7.3,4.5,0.7,3.7
EMP1356,2,15.5,3.4,1.8,0.6,1.2
EMP1357,2,16.6,10.3,6.1,2.1,6.7
EMP1358,0,2.1,0.8,0.7,0.2,0.7
EMP1359,2,6.5,1.8,1.7,0.2,0.8
EMP1360,0,8.0,5.9,5.1,4.0,1.9
EMP1361,1,2.0,1.3,1.2,0.3,1.2
EMP1362,1,4.4,3.7,1.8,2.1,3.4
EMP1363,7,14.0,5.3,3.4,2.6,4.5
EMP1364,7,18.2,3.3,2.1,2.8,3.2
EMP1365,1,10.2,6.0,4.7,4.7,4.7
EMP1366,0,3.0,2.2,1.8,0.6,2.1
EMP1367,1,7.2,1.6,1.3,0.6,1.5
EMP1368,0,5.3,3.7,3.0,0.1,2.4
EMP1369,0,2.6,0.3,0.2,0.1,0.2
EMP1370,1,7.1,4.3,3.3,3.3,2.9
EMP1371,0,3.5,3.1,2.4,1.8,2.9
EMP1372,0,1.0,0.5,0.3,0.0,0.4
EMP1373,2,6.0,3.5,2.1,2.6,3.2
EMP1374,0,0.5,0.3,0.2,0.1,0.2
EMP1375,0,6.7,4.5,4.4,4.2,2.6
EMP1376,1,3.7,0.5,0.4,0.3,0.3
EMP1377,1,14.4,9.2,6.4,3.0,4.6
EMP1378,0,2.9,0.4,0.3,0.0,0.3
EMP1379,2,14.4,8.8,8.1,7.7,4.0
EMP1380,1,0.5,0.3,0.2,0.2,0.3
EMP1381,1,8.7,3.9,3.0,3.4,2.5
EMP1382,1,1.1,0.6,0.5,0.4,0.2
EMP1383,0,2.0,0.7,0.4,0.1,0.4
EMP1384,2,4.9,3.5,2.5,2.7,3.1
EMP1385,1,10.6,5.1,4.8,2.4,4.9
EMP1386,4,17.0,10.9,6.1,6.8,4.5
EMP1387,2,0.5,0.3,0.3,0.2,0.3
EMP1388,2,0.9,0.4,0.2,0.3,0.2
EMP1389,2,8.0,2.5,0.8,1.7,2.2
EMP1390,0,7.8,5.7,4.5,1.3,4.5
EMP1391,0,0.5,0.3,0.2,0.1,0.3
EMP1392,2,9.6,4.1,2.7,3.0,3.2
EMP1393,2,7.8,4.6,3.6,2.6,2.6
EMP1394,2,10.0,4.6,4.1,1.5,3.5
EMP1395,1,6.3,4.9,1.6,0.9,1.7
EMP1396,1,4.0,2.0,1.3,0.1,1.3
EMP1397,0,0.5,0.3,0.2,0.1,0.3
EMP1398,0,7.3,4.8,4.1,2.6,2.4
EMP1399,0,2.8,2.0,0.7,0.3,0.8
EMP1400,0,13.0,10.8,6.5,2.5,4.0
EMP1401,1,8.9,6.8,4.1,3.0,3.0
EMP1402,2,12.0,4.0,1.9,0.7,3.6
EMP1403,0,2.2,1.1,0.8,1.0,1.1
EMP1404,0,1.0,0.6,0.5,0.4,0.2
EMP1405,2,6.1,3.6,2.3,3.5,1.9
EMP1406,0,4.3,1.6,1.5,1.2,0.9
EMP1407,3,11.8,4.3,4.2,2.8,3.8
EMP1408,0,5.4,4.6,4.1,2.3,2.2
EMP1409,3,10.4,5.4,4.8,4.8,4.9
EMP1410,0,2.4,1.2,1.2,0.2,0.4
EMP1411,0,7.0,5.9,4.4,2.7,2.6
EMP1412,0,0.8,0.4,0.3,0.3,0.2
EMP1413,3,9.7,2.3,1.5,1.7,1.3
EMP1414,1,2.0,1.6,1.1,1.0,1.4
EMP1415,0,1.2,0.9,0.8,0.7,0.4
EMP1416,1,13.7,1.4,0.8,0.6,1.1
EMP1417,3,6.3,0.4,0.2,0.1,0.2
EMP1418,0,1.0,0.7,0.4,0.4,0.5
EMP1419,1,2.9,1.4,1.0,1.1,0.8
EMP1420,1,4.9,4.1,2.7,1.7,3.6
EMP1421,0,2.1,1.9,1.4,1.3,1.5
EMP1422,0,0.5,0.3,0.2,0.2,0.3
EMP1423,1,7.5,3.7,3.7,1.4,2.7
EMP1424,0,3.7,1.4,1.1,1.2,1.2
EMP1425,2,4.5,2.8,1.3,0.6,2.5
EMP1426,2,5.6,3.0,2.3,0.7,2.4
EMP1427,0,0.5,0.3,0.2,0.1,0.2
EMP1428,0,1.6,0.3,0.2,0.1,0.3
EMP1429,0,0.5,0.3,0.2,0.1,0.2
EMP1430,3,3.0,0.7,0.5,0.2,0.3
EMP1431,1,2.0,0.4,0.3,0.1,0.3
EMP1432,2,14.0,2.8,2.3,2.6,1.9
EMP1433,7,8.5,3.3,2.0,2.3,2.5
EMP1434,0,6.7,5.6,2.5,3.3,4.9
EMP1435,0,6.0,2.7,2.6,0.1,2.4
EMP1436,4,4.9,1.5,1.1,1.1,0.8
EMP1437,1,12.5,11.2,10.1,10.8,5.9
EMP1438,0,0.9,0.6,0.4,0.5,0.4
EMP1439,0,2.0,1.0,0.9,0.5,0.5
EMP1440,2,3.1,0.5,0.3,0.2,0.3
EMP1441,1,2.0,1.4,0.8,1.0,0.6
EMP1442,0,3.6,2.7,1.3,2.5,1.5
EMP1443,0,12.2,9.2,8.9,0.6,4.0
EMP1444,5,19.6,10.1,4.2,9.3,9.5
EMP1445,0,3.0,2.9,2.2,2.8,1.0
EMP1446,2,4.5,3.1,2.3,1.6,1.1
EMP1447,0,7.9,5.9,2.4,3.4,3.1
EMP1448,1,3.4,0.7,0.6,0.1,0.3
EMP1449,1,6.2,5.8,5.7,1.7,2.0
EMP1450,1,0.7,0.6,0.4,0.3,0.4
EMP1451,0,14.0,11.1,7.8,1.9,8.9
EMP1452,3,15.2,4.2,3.3,4.1,2.3
EMP1453,4,13.6,2.3,1.0,2.2,1.5
EMP1454,2,12.8,10.9,8.5,8.2,4.9
EMP1455,1,3.2,2.4,0.7,0.2,0.7
EMP1456,1,3.2,3.0,2.8,2.3,2.8
EMP1457,0,1.1,0.3,0.2,0.2,0.2
EMP1458,1,5.0,4.5,4.4,3.9,3.6
EMP1459,0,1.0,0.5,0.3,0.1,0.4
EMP1460,2,12.0,6.2,2.0,2.4,2.9
EMP1461,1,4.0,2.5,1.1,0.4,0.8
EMP1462,1,5.0,3.1,3.0,0.9,2.1
EMP1463,0,1.0,0.3,0.3,0.0,0.2
EMP1464,8,26.3,7.9,7.9,2.0,6.2
EMP1465,1,0.5,0.4,0.2,0.3,0.4
EMP1466,0,2.5,1.0,0.7,0.4,0.6
EMP1467,1,1.0,0.3,0.2,0.3,0.2
EMP1468,2,9.0,1.2,0.9,1.0,0.7
EMP1469,0,27.4,16.1,8.9,11.3,15.1
EMP1470,0,2.5,1.6,1.2,1.4,0.8
EMP1471,3,17.2,10.7,10.6,2.4,8.8
EMP1472,0,1.0,0.3,0.2,0.0,0.2
EMP1473,3,7.0,2.0,1.9,1.2,1.5
EMP1474,1,3.0,1.8,0.8,1.5,0.7
EMP1475,0,4.0,2.0,1.8,1.6,0.8
EMP1476,3,13.4,1.1,0.4,0.4,0.9
EMP1477,1,4.8,1.9,1.5,1.2,1.4
EMP1478,0,0.5,0.3,0.3,0.3,0.3
EMP1479,3,9.0,4.7,4.6,3.6,2.2
EMP1480,3,25.1,17.1,5.5,7.1,10.8
EMP1481,0,3.1,1.5,0.5,1.4,0.7
EMP1482,4,8.2,4.0,3.6,1.1,2.1
EMP1483,3,15.5,2.8,2.0,1.5,1.4
EMP1484,0,0.9,0.8,0.7,0.8,0.7
EMP1485,2,17.9,13.7,8.5,6.9,8.7
EMP1486,0,3.0,1.3,0.4,0.3,0.8
EMP1487,3,10.0,3.3,2.6,2.9,1.5
EMP1488,2,2.2,0.3,0.2,0.2,0.2
EMP1489,0,1.0,0.5,0.3,0.1,0.2
EMP1490,3,6.0,3.9,3.0,2.1,1.7
EMP1491,2,5.1,2.1,2.0,1.3,0.9
EMP1492,8,21.6,10.7,5.3,1.8,9.2
EMP1493,1,22.4,18.4,9.8,1.1,12.6
EMP1494,3,1.0,0.3,0.2,0.3,0.2
EMP1495,2,3.0,1.2,0.7,1.1,0.5
EMP1496,1,6.7,5.0,3.0,2.9,2.0
EMP1497,2,4.1,2.7,1.2,1.6,1.6
EMP1498,0,4.0,3.9,3.5,1.5,3.5
EMP1499,4,13.0,5.8,3.9,3.9,2.3
EMP1500,1,10.2,8.3,6.4,1.3,3.3
EMP1501,1,3.1,2.4,1.8,0.6,1.0
EMP1502,0,4.0,2.4,2.3,2.0,2.0
EMP1503,0,5.0,4.5,4.3,2.9,2.9
EMP1504,1,4.6,3.9,1.4,1.2,3.0
EMP1505,0,0.5,0.3,0.2,0.2,0.2
EMP1506,0,7.0,2.6,2.1,1.5,1.9
EMP1507,0,4.8,4.0,3.9,0.7,3.7
EMP1508,0,3.0,1.4,0.8,0.7,1.1
EMP1509,0,11.6,10.9,5.0,8.3,10.8
EMP1510,1,1.5,1.0,0.8,0.4,0.6
EMP1511,1,3.0,1.8,1.7,1.5,0.7
EMP1512,0,7.0,5.2,4.3,4.7,2.2
EMP1513,2,18.6,11.3,4.9,5.4,11.0
EMP1514,1,3.8,1.6,1.2,0.3,1.4
EMP1515,0,2.7,0.6,0.4,0.1,0.2
EMP1516,0,0.5,0.3,0.2,0.2,0.3
EMP1517,1,8.1,2.7,0.8,1.9,2.6
EMP1518,0,0.5,0.3,0.2,0.2,0.2
EMP1519,2,11.0,4.4,2.9,3.5,3.6
EMP1520,2,1.6,0.5,0.5,0.3,0.4
EMP1521,0,2.3,0.3,0.2,0.2,0.2
EMP1522,0,4.0,1.0,0.4,0.9,0.4
EMP1523,1,11.4,5.1,3.4,1.3,3.5
EMP1524,4,10.2,5.2,3.8,4.5,2.3
EMP1525,1,10.0,5.4,2.1,5.3,3.4
EMP1526,1,5.9,1.1,0.4,0.2,0.8
EMP1527,1,13.4,3.0,2.6,1.9,2.1
EMP1528,5,15.0,7.1,2.9,4.0,6.3
EMP1529,0,0.8,0.6,0.3,0.6,0.5
EMP1530,1,5.3,1.2,0.4,1.0,0.4
EMP1531,0,7.4,2.6,2.2,1.2,1.1
EMP1532,1,2.9,0.7,0.7,0.2,0.4
EMP1533,1,9.0,5.5,3.1,4.9,3.8
EMP1534,3,4.0,1.2,1.2,0.4,0.5
EMP1535,1,5.6,1.5,1.1,1.5,1.0
EMP1536,0,4.0,2.6,2.2,1.6,0.8
EMP1537,2,14.3,11.2,8.7,0.6,8.1
EMP1538,1,19.9,14.0,13.1,10.5,5.7
EMP1539,0,0.5,0.3,0.2,0.1,0.2
EMP1540,2,4.0,2.5,2.0,1.3,1.6
EMP1541,1,2.5,1.2,0.4,0.1,0.8
EMP1542,0,1.3,0.3,0.2,0.1,0.2
EMP1543,1,16.4,12.0,7.7,8.1,9.8
EMP1544,1,7.7,4.3,1.7,2.0,3.1
EMP1545,3,5.5,0.8,0.7,0.6,0.6
EMP1546,2,0.5,0.5,0.5,0.1,0.3
EMP1547,0,26.6,23.6,13.5,0.7,9.8
EMP1548,0,1.3,0.5,0.2,0.2,0.2
EMP1549,4,12.5,2.5,2.5,1.8,0.8
EMP1550,0,1.5,0.6,0.3,0.2,0.3
EMP1551,1,1.7,0.5,0.4,0.1,0.2
EMP1552,3,14.9,10.0,4.1,6.7,5.7
EMP1553,2,0.5,0.3,0.2,0.2,0.2
EMP1554,4,14.2,12.2,3.9,5.0,8.1
EMP1555,1,1.0,0.5,0.2,0.4,0.3
EMP1556,0,12.4,9.9,7.2,6.6,3.6
EMP1557,0,8.0,5.4,4.4,3.2,3.2
EMP1558,3,8.0,2.0,1.8,1.2,1.7
EMP1559,0,2.0,0.8,0.6,0.2,0.7
EMP1560,2,13.3,6.5,6.3,0.4,6.4
EMP1561,3,24.0,17.1,5.5,14.1,11.3
EMP1562,0,1.7,0.9,0.7,0.4,0.3
EMP1563,0,3.0,2.7,1.1,0.8,1.8
EMP1564,1,9.0,4.6,2.1,3.3,2.0
EMP1565,1,0.8,0.7,0.6,0.1,0.5
EMP1566,3,13.0,9.1,5.1,4.6,6.5
EMP1567,5,10.1,4.2,3.4,0.8,2.6
EMP1568,0,1.0,0.6,0.3,0.2,0.3
EMP1569,2,5.5,0.8,0.5,0.0,0.5
EMP1570,0,8.8,7.4,3.4,6.8,5.5
EMP1571,0,3.0,1.6,0.9,1.4,1.0
EMP1572,2,11.1,0.4,0.3,0.3,0.2
EMP1573,0,1.0,0.7,0.7,0.2,0.4
EMP1574,2,5.2,0.8,0.7,0.4,0.7
EMP1575,2,14.9,5.5,3.0,2.8,4.7
EMP1576,0,3.9,3.2,2.7,1.7,2.5
EMP1577,1,7.9,6.6,4.0,2.0,6.2
EMP1578,0,1.9,0.3,0.2,0.1,0.2
EMP1579,0,5.4,2.9,1.4,1.5,1.8
EMP1580,0,1.0,0.4,0.2,0.2,0.4
EMP1581,4,13.0,3.5,2.2,1.7,2.8
EMP1582,1,7.9,1.3,0.8,0.6,1.0
EMP1583,6,21.6,8.6,2.7,7.8,7.8
EMP1584,6,24.8,11.2,11.1,1.3,4.6
EMP1585,1,13.0,11.0,6.4,5.2,4.0
EMP1586,1,12.8,7.3,3.2,1.7,4.0
EMP1587,2,3.2,1.2,0.6,0.7,0.6
EMP1588,6,15.1,8.6,7.8,1.6,7.2
EMP1589,4,14.4,6.7,5.3,5.6,3.4
EMP1590,2,17.0,10.1,4.7,4.3,8.1
EMP1591,0,3.0,2.4,1.8,2.0,2.0
EMP1592,1,3.5,2.1,0.9,0.2,1.2
EMP1593,0,7.9,5.5,4.7,4.7,3.7
EMP1594,0,1.4,1.2,0.4,0.0,0.5
EMP1595,1,1.4,0.7,0.4,0.7,0.5
EMP1596,0,25.2,17.1,10.7,8.4,10.5
EMP1597,0,5.0,3.5,3.5,0.1,3.2
EMP1598,2,0.7,0.7,0.4,0.3,0.3
EMP1599,0,0.5,0.3,0.2,0.2,0.3
EMP1600,1,5.9,1.9,0.6,0.8,1.6
EMP1601,0,4.0,0.7,0.4,0.3,0.5
EMP1602,0,14.0,10.3,8.8,3.7,7.8
EMP1603,0,17.0,6.9,2.7,6.5,4.7
EMP1604,1,7.0,2.5,1.7,2.1,0.8
EMP1605,4,8.5,3.0,2.2,3.0,2.9
EMP1606,3,1.5,0.7,0.3,0.6,0.3
EMP1607,2,19.0,8.2,4.1,2.9,6.3
EMP1608,1,2.5,0.8,0.7,0.0,0.4
EMP1609,1,2.6,2.1,0.9,1.2,1.0
EMP1610,2,22.0,17.8,8.5,8.0,11.0
EMP1611,3,16.0,8.9,8.0,5.9,3.8
EMP1612,0,0.9,0.6,0.4,0.2,0.3
EMP1613,2,15.1,5.2,4.1,0.4,2.1
EMP1614,0,3.0,0.4,0.2,0.1,0.2
EMP1615,0,0.5,0.3,0.2,0.1,0.3
EMP1616,0,2.5,2.0,0.9,0.2,0.8
EMP1617,1,3.5,2.4,2.3,0.4,1.1
EMP1618,1,7.9,4.3,2.9,3.8,3.1
EMP1619,2,5.3,3.8,1.6,1.4,1.3
EMP1620,3,4.0,2.4,1.9,0.6,1.7
EMP1621,0,2.0,0.9,0.9,0.8,0.8
EMP1622,4,10.9,4.2,2.1,2.6,1.5
EMP1623,2,4.9,0.9,0.6,0.8,0.3
EMP1624,3,10.0,6.7,5.6,0.4,3.5
EMP1625,2,1.0,0.5,0.2,0.4,0.3
EMP1626,0,7.4,3.1,2.9,2.4,2.1
EMP1627,4,14.9,4.0,2.4,0.8,3.4
EMP1628,1,2.0,1.5,0.7,1.0,0.7
EMP1629,2,1.0,0.4,0.4,0.4,0.2
EMP1630,0,0.9,0.3,0.2,0.1,0.3
EMP1631,1,0.5,0.3,0.2,0.3,0.3
EMP1632,0,4.7,2.9,1.4,2.8,2.7
EMP1633,1,3.1,0.6,0.5,0.5,0.3
EMP1634,3,2.0,1.6,0.6,1.0,1.2
EMP1635,2,8.0,5.2,1.7,1.7,3.0
EMP1636,0,0.9,0.8,0.5,0.3,0.6
EMP1637,2,6.0,2.4,2.0,0.6,0.9
EMP1638,0,13.5,9.7,6.7,4.0,5.7
EMP1639,0,1.1,0.6,0.2,0.1,0.4
EMP1640,0,0.5,0.3,0.2,0.3,0.3
EMP1641,0,1.0,0.6,0.4,0.5,0.4
EMP1642,0,2.5,1.3,1.3,0.4,1.2
EMP1643,0,5.1,1.7,0.9,1.1,0.9
EMP1644,1,3.2,1.7,1.7,1.0,1.3
EMP1645,0,0.9,0.3,0.3,0.0,0.2
EMP1646,1,15.8,10.8,3.4,10.0,9.9
EMP1647,2,13.0,8.8,6.0,7.5,7.6
EMP1648,0,2.8,2.0,0.8,0.8,1.6
EMP1649,0,1.0,0.4,0.2,0.1,0.2
EMP1650,1,6.2,3.8,1.6,0.2,3.1
EMP1651,4,13.0,3.2,2.7,1.1,2.5
EMP1652,3,14.9,4.2,3.2,2.4,3.0
EMP1653,0,3.0,1.1,0.8,1.0,1.0
EMP1654,1,0.5,0.3,0.2,0.1,0.2
EMP1655,1,7.2,4.9,3.3,4.4,3.3
EMP1656,5,11.0,5.0,1.9,4.3,3.3
EMP1657,5,11.8,5.5,2.3,0.1,2.4
EMP1658,1,2.9,0.5,0.2,0.3,0.2
EMP1659,1,3.4,2.0,1.7,1.0,0.7
EMP1660,2,1.8,1.1,0.5,0.7,0.7
EMP1661,6,15.7,5.4,3.8,5.1,1.7
EMP1662,0,11.3,8.2,6.6,5.7,3.0
EMP1663,1,5.9,3.6,1.3,3.0,1.4
EMP1664,1,2.3,1.0,0.4,0.3,0.6
EMP1665,0,5.0,4.7,3.1,3.7,3.8
EMP1666,3,7.5,0.7,0.3,0.2,0.3
EMP1667,3,12.9,9.2,3.7,6.4,7.2
EMP1668,1,5.2,4.8,2.3,4.0,3.4
EMP1669,2,11.0,7.2,5.9,5.3,5.8
EMP1670,0,0.5,0.3,0.2,0.2,0.2
EMP1671,1,3.2,0.8,0.5,0.3,0.3
EMP1672,1,1.0,0.3,0.3,0.3,0.3
EMP1673,0,2.9,1.3,0.9,0.3,1.2
EMP1674,1,1.4,0.9,0.5,0.4,0.4
EMP1675,1,13.5,10.8,3.7,3.0,10.5
EMP1676,2,0.9,0.5,0.4,0.1,0.4
EMP1677,1,0.8,0.4,0.2,0.3,0.3
EMP1678,1,0.5,0.3,0.3,0.3,0.2
EMP1679,1,2.8,2.2,0.8,0.8,0.7
EMP1680,6,21.9,5.7,4.6,1.6,4.0
EMP1681,2,18.9,8.1,4.8,1.5,3.7
EMP1682,2,2.0,0.3,0.2,0.3,0.2
EMP1683,3,11.0,7.5,5.0,4.3,4.6
EMP1684,1,15.9,2.3,0.8,1.1,0.8
EMP1685,3,23.0,6.9,4.8,4.1,4.7
EMP1686,0,6.8,5.2,4.2,0.6,2.8
EMP1687,0,1.0,0.9,0.3,0.9,0.7
EMP1688,0,8.0,7.0,2.8,3.8,3.5
EMP1689,2,13.6,11.4,4.4,6.8,7.6
EMP1690,5,9.0,1.1,0.8,0.0,0.3
EMP1691,0,4.4,2.4,0.8,1.4,0.9
EMP1692,2,1.2,0.4,0.3,0.1,0.2
EMP1693,2,7.7,5.0,3.4,0.3,4.6
EMP1694,1,21.0,11.8,4.8,9.0,7.3
EMP1695,2,4.1,1.1,0.7,1.1,0.6
EMP1696,3,9.4,4.4,2.0,3.8,1.5
EMP1697,2,6.0,1.2,0.8,0.0,0.6
EMP1698,0,5.8,3.8,2.9,1.9,2.2
EMP1699,0,6.0,4.3,3.2,3.3,3.6
EMP1700,0,13.0,12.1,6.2,9.7,5.6
EMP1701,3,21.7,19.0,15.1,3.4,9.5
EMP1702,2,8.9,0.6,0.4,0.4,0.2
EMP1703,0,5.5,4.3,2.2,0.8,4.2
EMP1704,0,8.8,5.6,4.3,3.5,2.0
EMP1705,0,3.0,1.1,0.6,0.1,0.6
EMP1706,2,3.1,0.5,0.3,0.3,0.2
EMP1707,1,2.0,0.5,0.2,0.0,0.5
EMP1708,1,4.1,1.8,1.2,1.2,0.7
EMP1709,1,1.5,1.2,0.7,0.7,0.9
EMP1710,0,5.1,3.1,1.7,1.1,1.7
EMP1711,3,8.0,1.5,0.6,0.1,0.9
EMP1712,1,3.3,2.7,1.9,0.2,1.3
EMP1713,0,3.2,1.1,0.4,0.5,1.0
EMP1714,1,10.5,2.2,0.9,1.4,2.1
EMP1715,1,5.7,2.4,1.0,0.8,1.0
EMP1716,0,1.3,0.9,0.3,0.6,0.5
EMP1717,0,5.0,2.2,1.4,0.2,1.0
EMP1718,1,3.4,1.7,1.4,1.5,0.7
EMP1719,1,3.6,1.2,1.1,1.1,0.9
EMP1720,0,0.5,0.3,0.3,0.1,0.3
EMP1721,1,7.2,5.1,1.5,0.4,4.6
EMP1722,1,6.0,3.5,1.6,3.4,3.2
EMP1723,1,1.0,0.4,0.3,0.3,0.2
EMP1724,2,6.2,1.4,0.5,0.2,1.1
EMP1725,0,0.5,0.3,0.2,0.1,0.2
EMP1726,1,2.6,1.0,0.5,0.9,0.5
EMP1727,1,8.0,6.4,5.2,0.1,4.4
EMP1728,1,3.0,1.5,0.9,1.1,0.7
EMP1729,1,3.2,0.5,0.4,0.0,0.3
EMP1730,0,6.0,3.4,1.6,0.2,2.2
EMP1731,0,1.6,0.7,0.7,0.4,0.6
EMP1732,5,11.0,2.0,1.9,0.8,1.7
EMP1733,3,8.8,4.6,1.8,3.1,3.3
EMP1734,1,2.8,0.4,0.2,0.4,0.2
EMP1735,1,13.7,7.9,7.7,3.0,6.5
EMP1736,0,10.3,7.3,3.4,4.1,3.2
EMP1737,3,9.3,2.3,1.4,0.7,2.0
EMP1738,0,0.6,0.4,0.4,0.4,0.3
EMP1739,0,2.0,1.4,1.0,0.2,0.7
EMP1740,3,8.4,2.4,1.7,1.9,0.9
EMP1741,1,2.1,1.9,1.8,1.5,0.9
EMP1742,2,3.2,0.3,0.3,0.0,0.2
EMP1743,0,7.2,6.0,4.3,0.6,2.1
EMP1744,0,1.6,1.0,0.7,0.9,0.3
EMP1745,2,1.0,0.6,0.5,0.3,0.5
EMP1746,1,2.0,1.1,0.5,1.0,0.9
EMP1747,2,4.8,2.4,1.7,1.9,2.1
EMP1748,1,8.7,4.7,1.6,2.3,4.1
EMP1749,3,12.3,3.9,3.2,2.6,2.0
EMP1750,1,1.0,0.4,0.4,0.1,0.3
EMP1751,0,3.5,3.0,1.5,1.5,0.9
EMP1752,4,4.8,2.3,0.9,1.5,1.7
EMP1753,1,5.7,3.8,2.6,0.0,1.5
EMP1754,2,3.2,1.4,0.7,0.6,1.0
EMP1755,1,14.1,9.0,4.7,2.3,5.4
EMP1756,1,4.2,0.3,0.2,0.0,0.2
EMP1757,2,7.3,3.0,1.9,0.3,1.4
EMP1758,8,26.0,9.9,7.6,7.5,3.1
EMP1759,1,0.7,0.5,0.5,0.5,0.2
EMP1760,8,15.0,5.9,5.7,1.6,3.2
EMP1761,2,5.2,3.9,2.0,3.9,3.3
EMP1762,0,4.2,2.6,1.3,0.6,1.8
EMP1763,5,18.6,6.3,3.4,2.0,3.1
EMP1764,2,4.3,1.5,0.6,0.8,1.4
EMP1765,0,4.2,0.9,0.4,0.2,0.9
EMP1766,1,1.0,0.6,0.3,0.1,0.2
EMP1767,0,9.1,6.6,2.4,2.9,3.3
EMP1768,1,3.7,0.9,0.5,0.4,0.8
EMP1769,0,1.9,1.8,1.6,0.5,1.5
EMP1770,3,11.1,6.6,5.9,0.5,5.4
EMP1771,0,9.0,4.5,1.7,1.1,3.0
EMP1772,3,8.3,2.6,1.5,1.7,1.7
EMP1773,0,3.0,2.6,2.2,1.1,1.9
EMP1774,0,4.1,2.3,1.7,0.3,1.4
EMP1775,2,1.0,0.7,0.3,0.2,0.5
EMP1776,2,0.6,0.3,0.2,0.3,0.2
EMP1777,2,3.4,2.0,1.1,1.2,1.8
EMP1778,0,1.0,0.7,0.6,0.5,0.3
EMP1779,0,1.0,0.8,0.3,0.3,0.4
EMP1780,5,15.4,3.7,2.3,3.2,2.4
EMP1781,0,0.5,0.3,0.2,0.1,0.3
EMP1782,1,21.1,13.0,12.1,3.6,6.8
EMP1783,5,16.0,7.6,5.7,3.1,7.5
EMP1784,3,4.0,3.5,2.0,0.0,2.8
EMP1785,3,19.0,13.5,9.5,4.0,10.7
EMP1786,6,13.4,2.2,2.0,0.1,1.8
EMP1787,1,1.0,0.5,0.4,0.1,0.2
EMP1788,2,13.7,6.8,4.9,1.5,5.5
EMP1789,0,0.5,0.3,0.2,0.3,0.2
EMP1790,4,7.3,1.7,1.5,1.1,1.0
EMP1791,0,6.6,4.3,2.0,3.7,4.2
EMP1792,0,2.0,0.3,0.3,0.0,0.2
EMP1793,0,0.7,0.4,0.2,0.4,0.3
EMP1794,1,19.1,17.5,10.3,12.0,14.3
EMP1795,0,4.0,3.4,3.2,3.2,2.6
EMP1796,0,1.0,0.4,0.3,0.2,0.2
EMP1797,0,2.3,2.1,1.2,0.1,1.8
EMP1798,0,6.4,4.7,2.2,2.1,4.0
EMP1799,2,12.2,6.4,2.2,0.4,5.2
EMP1800,0,9.7,4.6,2.9,1.8,3.9
EMP1801,1,6.3,2.2,1.1,1.0,1.5
EMP1802,0,1.2,1.0,0.7,0.2,0.4
EMP1803,0,2.3,0.9,0.4,0.4,0.5
EMP1804,3,6.2,1.5,1.3,0.3,1.2
EMP1805,1,9.9,4.8,3.3,2.6,4.0
EMP1806,2,12.7,6.3,6.1,1.5,5.8
EMP1807,2,7.4,5.1,1.7,1.6,3.3
EMP1808,2,4.0,2.2,1.1,1.7,1.3
EMP1809,1,3.0,1.2,0.4,0.8,1.0
EMP1810,0,6.0,4.9,2.7,2.6,3.2
EMP1811,1,7.0,6.1,2.2,0.7,5.3
EMP1812,2,10.9,3.6,1.7,1.8,2.2
EMP1813,0,6.4,2.1,2.0,0.5,0.7
EMP1814,2,12.9,5.5,4.6,1.6,3.5
EMP1815,3,6.1,2.9,2.3,1.2,1.5
EMP1816,1,3.3,1.0,0.6,0.1,0.6
EMP1817,1,1.7,0.7,0.5,0.6,0.5
EMP1818,0,8.9,7.8,2.6,4.2,6.4
EMP1819,2,4.5,2.0,1.8,0.3,1.0
EMP1820,0,8.5,3.6,2.6,0.6,3.6
EMP1821,3,14.7,2.2,2.1,1.7,1.0
EMP1822,0,0.7,0.3,0.2,0.2,0.2
EMP1823,1,15.9,11.4,5.7,6.6,10.6
EMP1824,1,7.9,6.8,5.3,3.0,2.1
EMP1825,2,6.0,4.1,3.1,4.0,1.9
EMP1826,3,3.7,1.1,0.3,0.1,0.6
EMP1827,1,2.2,0.8,0.3,0.2,0.8
EMP1828,1,8.3,4.0,2.1,1.2,3.0
EMP1829,4,7.1,2.6,2.1,2.6,2.1
EMP1830,1,13.2,8.7,4.2,6.3,6.7
EMP1831,2,6.2,1.7,0.6,0.0,1.2
EMP1832,1,0.5,0.3,0.3,0.2,0.2
EMP1833,3,14.3,5.8,5.1,5.7,4.6
EMP1834,2,8.6,5.4,2.1,4.0,1.9
EMP1835,1,1.8,0.7,0.4,0.0,0.4
EMP1836,0,7.6,4.0,2.9,2.5,1.8
EMP1837,0,0.6,0.4,0.2,0.0,0.2
EMP1838,0,2.0,0.9,0.7,0.5,0.3
EMP1839,1,3.0,0.5,0.4,0.5,0.3
EMP1840,0,1.0,0.9,0.8,0.5,0.4
EMP1841,1,17.0,13.7,6.5,10.8,8.0
EMP1842,0,4.0,2.1,1.3,2.1,1.0
EMP1843,0,1.0,0.3,0.2,0.2,0.2
EMP1844,0,4.0,1.3,0.9,1.3,1.1
EMP1845,2,4.0,2.7,2.2,2.3,1.6
EMP1846,0,3.3,1.3,0.9,1.2,0.8
EMP1847,0,1.0,0.9,0.6,0.4,0.5
EMP1848,2,15.9,11.5,6.5,11.5,5.3
EMP1849,0,1.0,0.6,0.2,0.0,0.4
EMP1850,0,9.0,8.2,5.1,2.6,3.2
EMP1851,0,0.6,0.3,0.3,0.1,0.3
EMP1852,0,10.0,6.6,5.6,2.3,6.2
EMP1853,1,7.5,5.8,4.5,0.1,4.5
EMP1854,1,3.9,1.1,1.1,0.8,0.6
EMP1855,0,1.2,0.9,0.3,0.8,0.4
EMP1856,2,15.7,14.0,10.1,1.0,13.7
EMP1857,3,7.1,4.4,2.1,3.7,2.5
EMP1858,1,5.8,3.0,1.4,1.0,2.6
EMP1859,0,0.5,0.3,0.2,0.1,0.2
EMP1860,0,2.0,1.5,0.8,0.7,0.5
EMP1861,0,4.7,2.2,1.2,1.5,1.6
EMP1862,1,13.2,6.5,4.7,1.1,4.4
EMP1863,0,1.7,0.6,0.4,0.5,0.6
EMP1864,1,10.8,4.2,2.4,3.8,2.7
EMP1865,0,15.7,10.7,4.7,0.4,10.5
EMP1866,0,0.9,0.6,0.5,0.2,0.5
EMP1867,0,0.8,0.3,0.3,0.2,0.2
EMP1868,1,2.8,1.5,1.3,0.9,1.1
EMP1869,1,5.5,3.7,1.5,1.4,3.3
EMP1870,2,8.3,4.7,3.1,4.5,3.2
EMP1871,3,6.1,0.3,0.3,0.3,0.3
EMP1872,1,1.9,0.7,0.4,0.6,0.4
EMP1873,1,15.6,9.5,8.1,7.9,4.8
EMP1874,0,7.2,3.5,2.8,2.8,2.3
EMP1875,1,8.0,7.2,4.0,2.1,2.3
EMP1876,0,8.8,3.5,1.6,2.8,1.4
EMP1877,0,4.0,3.6,3.3,0.5,2.9
EMP1878,2,9.0,5.7,5.5,0.6,5.2
EMP1879,1,5.5,3.1,3.0,2.8,1.5
EMP1880,1,5.0,4.0,3.6,0.1,2.4
EMP1881,2,2.6,1.1,0.7,0.6,1.0
EMP1882,1,4.2,2.6,0.8,0.9,1.6
EMP1883,0,3.8,2.4,1.9,0.9,0.9
EMP1884,2,6.0,4.3,1.8,2.9,1.5
EMP1885,3,13.0,7.1,2.5,3.3,6.1
EMP1886,1,11.7,5.3,2.1,0.1,2.9
EMP1887,0,1.0,0.3,0.3,0.2,0.2
EMP1888,3,9.0,3.1,1.4,1.3,2.4
EMP1889,3,7.0,2.1,1.7,0.1,1.2
EMP1890,5,26.2,19.0,12.7,13.9,15.6
EMP1891,0,0.5,0.3,0.2,0.1,0.3
EMP1892,1,3.0,2.0,0.8,0.2,1.2
EMP1893,0,3.6,2.9,2.7,2.6,1.9
EMP1894,1,2.1,0.7,0.7,0.7,0.6
EMP1895,2,9.9,4.5,2.2,2.8,1.9
EMP1896,0,3.1,2.3,0.8,0.2,2.2
EMP1897,0,0.5,0.4,0.4,0.2,0.2
EMP1898,1,5.6,3.2,2.9,1.9,1.7
EMP1899,4,18.0,13.0,12.2,4.7,10.8
EMP1900,3,10.3,2.4,2.2,0.5,0.9
EMP1901,1,5.0,3.8,3.4,1.7,1.6
EMP1902,0,1.0,0.3,0.2,0.3,0.2
EMP1903,0,1.0,0.3,0.3,0.2,0.2
EMP1904,1,14.9,8.9,8.5,6.7,6.2
EMP1905,5,10.1,1.4,0.5,0.5,0.6
EMP1906,1,6.1,5.6,2.4,4.0,2.2
EMP1907,0,12.4,11.7,9.3,4.9,11.7
EMP1908,1,1.3,0.6,0.5,0.0,0.4
EMP1909,3,11.2,9.1,3.0,6.2,5.4
EMP1910,1,1.3,0.4,0.3,0.0,0.3
EMP1911,0,1.7,1.1,0.3,0.4,0.5
EMP1912,1,4.0,1.4,0.8,1.4,1.2
EMP1913,0,4.7,4.5,3.6,0.1,2.8
EMP1914,1,14.4,6.3,5.7,4.7,3.1
EMP1915,0,3.0,2.5,1.8,1.0,2.3
EMP1916,0,12.8,10.0,5.6,1.8,3.2
EMP1917,2,14.0,6.9,2.8,0.6,6.7
EMP1918,3,8.5,4.1,3.8,2.1,2.1
EMP1919,3,10.6,3.0,2.1,1.5,1.8
EMP1920,0,5.1,4.3,2.3,1.2,2.4
EMP1921,1,5.0,3.2,3.0,1.8,1.9
EMP1922,1,3.4,1.4,0.9,1.2,0.5
EMP1923,0,1.0,0.8,0.4,0.3,0.4
EMP1924,1,13.0,7.6,5.0,1.9,5.4
EMP1925,2,4.0,2.9,2.7,2.3,1.3
EMP1926,0,6.0,2.8,1.9,1.9,2.1
EMP1927,2,3.4,1.3,0.8,0.0,0.9
EMP1928,1,8.4,6.9,5.2,2.8,3.9
EMP1929,4,8.0,3.3,2.9,0.8,3.1
EMP1930,1,0.5,0.3,0.3,0.3,0.2
EMP1931,2,10.8,6.0,2.5,3.7,4.9
EMP1932,1,6.5,4.6,2.9,4.0,3.1
EMP1933,1,12.1,7.8,3.7,1.1,6.9
EMP1934,4,3.6,2.9,2.0,0.7,2.7
EMP1935,0,7.9,5.1,2.2,4.0,4.7
EMP1936,1,2.2,0.8,0.3,0.2,0.5
EMP1937,0,4.8,1.4,0.9,1.2,1.0
EMP1938,3,9.7,1.5,0.7,1.4,1.4
EMP1939,1,4.0,0.5,0.4,0.1,0.3
EMP1940,1,1.9,1.2,0.5,0.7,0.8
EMP1941,6,15.0,4.4,2.6,1.2,1.5
EMP1942,1,2.0,0.4,0.2,0.2,0.3
EMP1943,1,6.2,4.2,1.8,3.7,3.6
EMP1944,3,24.8,13.9,7.1,13.7,8.5
EMP1945,1,7.1,6.2,3.4,2.0,6.2
EMP1946,0,10.9,6.9,4.8,2.1,6.0
EMP1947,3,8.9,5.0,2.8,2.0,3.1
EMP1948,2,10.0,2.4,2.4,1.0,1.5
EMP1949,0,11.3,7.5,2.7,6.3,7.0
EMP1950,2,13.4,9.0,7.1,1.3,7.5
EMP1951,1,1.3,0.3,0.3,0.0,0.2
EMP1952,1,8.1,5.6,5.0,1.5,2.3
EMP1953,0,0.5,0.3,0.2,0.2,0.2
EMP1954,0,19.0,14.3,9.0,8.3,11.2
EMP1955,3,3.3,2.3,1.3,1.7,2.3
EMP1956,0,2.0,1.7,1.4,0.2,1.2
EMP1957,2,18.5,15.7,8.6,0.9,8.8
EMP1958,0,1.8,1.1,0.5,0.7,0.9
EMP1959,1,5.9,3.2,1.7,0.4,1.9
EMP1960,1,10.4,4.0,3.0,1.2,3.8
EMP1961,1,3.6,1.3,1.2,1.2,0.6
EMP1962,0,0.9,0.6,0.3,0.5,0.2
EMP1963,1,4.2,1.7,0.7,0.3,0.8
EMP1964,1,2.6,1.8,0.7,1.4,1.1
EMP1965,0,0.5,0.3,0.2,0.2,0.3
EMP1966,0,0.5,0.4,0.3,0.0,0.2
EMP1967,1,7.6,2.3,0.9,0.4,2.2
EMP1968,0,2.9,0.6,0.5,0.3,0.4
EMP1969,0,1.9,0.4,0.3,0.4,0.3
EMP1970,1,3.6,0.4,0.3,0.3,0.3
EMP1971,3,7.8,2.7,2.7,0.1,1.4
EMP1972,2,3.6,1.3,0.9,0.8,0.4
EMP1973,0,1.4,0.3,0.3,0.1,0.2
EMP1974,1,13.1,7.8,5.9,1.3,6.5
EMP1975,1,3.9,2.1,1.4,0.8,1.1
EMP1976,0,3.4,1.8,0.6,1.2,1.1
EMP1977,1,7.6,0.5,0.3,0.2,0.4
EMP1978,1,2.8,1.7,1.3,1.4,0.9
EMP1979,0,10.2,9.2,3.7,2.7,4.5
EMP1980,4,13.3,3.2,2.2,1.9,2.8
EMP1981,2,19.4,6.5,3.2,3.0,4.5
EMP1982,0,0.9,0.3,0.2,0.2,0.2
EMP1983,1,2.0,0.5,0.4,0.5,0.5
EMP1984,3,3.1,0.4,0.3,0.3,0.4
EMP1985,1,1.9,0.8,0.7,0.8,0.5
EMP1986,0,3.0,2.1,1.0,1.9,1.5
EMP1987,1,7.9,3.5,1.9,1.6,2.8
EMP1988,0,3.0,1.9,1.4,0.4,1.1
EMP1989,3,12.6,1.1,0.5,1.0,0.7
EMP1990,0,3.9,1.5,0.8,1.4,1.4
EMP1991,0,2.5,1.1,1.1,0.5,1.1
EMP1992,5,21.8,5.9,4.6,5.6,3.1
EMP1993,3,10.4,6.9,3.4,5.8,5.0
EMP1994,1,5.8,4.6,4.3,1.0,3.6
EMP1995,0,6.3,1.9,1.1,1.3,1.3
EMP1996,0,1.0,0.3,0.2,0.2,0.2
EMP1997,0,1.0,0.6,0.3,0.3,0.4
EMP1998,0,5.0,4.2,3.0,1.8,2.5
EMP1999,2,8.9,2.4,1.7,0.3,2.1
EMP2000,1,4.5,4.0,1.5,4.0,3.8
EMP2001,2,0.7,0.3,0.3,0.1,0.3
EMP2002,0,8.2,3.3,1.6,3.2,3.1
EMP2003,4,11.0,2.2,1.5,1.1,1.3
EMP2004,1,3.2,0.9,0.7,0.3,0.6
EMP2005,1,0.9,0.5,0.2,0.5,0.3
EMP2006,0,6.3,3.9,1.8,0.7,3.5
EMP2007,0,9.5,6.3,4.4,0.1,3.6
EMP2008,3,8.5,2.2,1.8,0.7,0.9
EMP2009,1,13.9,6.2,2.4,6.0,4.6
EMP2010,1,3.7,1.3,1.0,0.5,0.7
EMP2011,3,2.3,0.9,0.9,0.0,0.3
EMP2012,1,6.2,3.0,1.7,0.8,2.3
EMP2013,0,1.0,0.7,0.3,0.6,0.3
EMP2014,4,14.7,4.3,1.5,2.7,3.4
EMP2015,1,3.3,2.3,2.1,1.0,2.1
EMP2016,2,0.5,0.4,0.4,0.2,0.4
EMP2017,0,6.1,4.5,2.6,0.4,2.0
EMP2018,2,4.2,2.0,0.6,0.9,0.9
EMP2019,2,3.4,1.1,0.4,0.4,0.6
EMP2020,2,3.2,0.8,0.6,0.4,0.5
EMP2021,1,11.9,10.8,4.8,3.0,4.1
EMP2022,2,14.3,10.2,9.5,8.7,9.4
EMP2023,2,13.5,11.2,7.7,0.8,4.9
EMP2024,0,4.0,1.7,1.1,1.3,1.2
EMP2025,1,8.3,2.1,2.0,0.3,2.0
EMP2026,3,5.4,3.0,2.1,2.3,2.5
EMP2027,3,8.0,0.7,0.2,0.1,0.4
EMP2028,0,1.0,0.7,0.6,0.1,0.2
EMP2029,6,8.4,3.0,1.5,0.6,0.9
EMP2030,1,3.0,2.0,1.9,1.2,1.6
EMP2031,0,1.2,0.6,0.3,0.5,0.2
EMP2032,0,15.8,9.8,5.6,7.1,4.6
EMP2033,0,1.9,1.3,0.4,0.2,0.5
EMP2034,1,4.4,2.8,2.3,1.9,2.0
EMP2035,0,7.0,5.0,4.9,0.2,2.8
EMP2036,1,3.9,0.8,0.3,0.6,0.7
EMP2037,1,11.0,6.6,6.2,5.9,3.4
EMP2038,0,0.8,0.6,0.5,0.6,0.2
EMP2039,4,13.1,7.4,5.8,3.1,7.4
EMP2040,2,7.1,4.0,2.6,2.0,1.7
EMP2041,0,1.4,0.9,0.6,0.7,0.5
EMP2042,0,0.5,0.3,0.3,0.1,0.2
EMP2043,1,3.9,2.4,1.3,0.7,1.1
EMP2044,2,7.1,0.6,0.6,0.1,0.3
EMP2045,0,1.0,0.4,0.3,0.2,0.2
EMP2046,2,20.0,12.4,6.0,11.6,11.8
EMP2047,1,2.6,1.6,0.9,0.6,1.2
EMP2048,0,8.0,5.7,5.0,4.9,3.8
EMP2049,0,0.6,0.5,0.2,0.3,0.3
EMP2050,2,28.6,16.9,12.2,0.9,5.3
EMP2051,1,0.5,0.4,0.2,0.3,0.2
EMP2052,0,3.5,1.5,0.8,1.0,0.6
EMP2053,0,3.2,1.3,0.4,1.0,0.6
EMP2054,3,3.1,2.0,1.3,1.9,1.3
EMP2055,2,7.1,5.8,4.9,3.3,4.4
EMP2056,1,3.2,1.3,0.9,1.1,0.6
EMP2057,1,3.2,1.0,0.5,0.6,0.9
EMP2058,2,7.3,4.1,3.8,3.6,1.5
EMP2059,0,4.0,1.5,0.7,1.4,0.8
EMP2060,0,2.0,1.8,0.6,1.0,1.1
EMP2061,0,2.8,2.0,1.7,1.2,0.9
EMP2062,0,1.2,0.6,0.4,0.2,0.4
EMP2063,1,2.1,1.5,0.6,1.2,1.2
EMP2064,0,1.5,0.8,0.4,0.7,0.8
EMP2065,1,12.1,9.0,7.9,2.8,7.6
EMP2066,1,7.0,3.7,2.8,2.3,2.0
EMP2067,1,5.0,0.7,0.3,0.0,0.6
EMP2068,0,4.4,3.7,1.6,3.1,3.1
EMP2069,1,0.5,0.4,0.2,0.2,0.3
EMP2070,1,5.0,3.2,1.0,0.6,3.0
EMP2071,0,1.0,0.3,0.2,0.2,0.2
EMP2072,1,4.7,3.8,1.6,0.1,2.9
EMP2073,3,7.0,2.2,2.0,1.2,1.5
EMP2074,0,4.0,0.8,0.5,0.7,0.3
EMP2075,2,16.8,8.2,3.8,2.1,7.0
EMP2076,1,2.6,1.0,0.5,0.1,0.6
EMP2077,2,7.9,3.2,2.2,2.0,2.2
EMP2078,0,2.5,0.8,0.7,0.2,0.6
EMP2079,1,6.7,2.4,1.3,0.5,1.5
EMP2080,1,14.0,2.2,2.1,1.1,1.7
EMP2081,1,1.0,0.4,0.2,0.3,0.2
EMP2082,0,7.1,2.3,1.9,2.1,1.3
EMP2083,3,3.0,2.0,0.9,1.6,1.3
EMP2084,0,2.8,2.4,2.3,1.5,1.4
EMP2085,1,16.5,14.5,13.0,5.5,13.9
EMP2086,1,3.7,1.4,0.6,0.6,0.6
EMP2087,1,7.1,6.9,2.3,0.6,4.2
EMP2088,0,3.9,1.1,1.0,0.1,0.8
EMP2089,0,11.6,8.0,8.0,5.4,4.4
EMP2090,1,1.0,0.4,0.3,0.0,0.2
EMP2091,0,5.0,3.7,1.4,1.7,1.4
EMP2092,0,14.0,5.6,4.8,3.4,3.4
EMP2093,2,5.5,1.8,0.7,1.8,1.5
EMP2094,1,5.0,4.1,3.6,3.6,1.9
EMP2095,1,22.4,21.3,13.9,10.8,13.3
EMP2096,0,7.0,5.0,1.8,3.8,3.3
EMP2097,1,9.0,7.9,2.4,0.7,4.8
EMP2098,1,13.3,10.2,4.9,7.3,7.6
EMP2099,2,14.5,5.1,3.6,2.7,1.8
EMP2100,3,17.0,11.5,10.4,9.5,6.1
EMP2101,2,7.7,3.8,3.7,0.2,2.2
EMP2102,1,3.0,2.1,0.9,0.2,1.0
EMP2103,0,0.5,0.3,0.2,0.2,0.3
EMP2104,3,7.7,6.2,3.3,3.2,5.5
EMP2105,4,8.0,5.6,3.8,3.3,5.5
EMP2106,2,6.8,4.6,1.7,2.5,2.4
EMP2107,0,0.5,0.3,0.2,0.2,0.3
EMP2108,1,3.9,2.0,1.0,0.3,1.9
EMP2109,1,6.1,5.1,3.7,3.9,4.0
EMP2110,4,11.0,3.7,2.6,3.4,3.5
EMP2111,0,2.0,0.3,0.2,0.0,0.3
EMP2112,0,5.0,2.6,2.6,1.0,1.0
EMP2113,2,11.0,5.5,3.4,4.7,4.7
EMP2114,4,20.0,7.8,5.2,0.5,2.5
EMP2115,0,0.5,0.3,0.2,0.1,0.3
EMP2116,2,14.4,12.4,7.6,8.2,6.2
EMP2117,1,8.5,5.3,2.5,0.6,4.4
EMP2118,2,14.3,4.8,3.8,3.1,2.6
EMP2119,1,3.5,2.9,1.9,1.9,1.2
EMP2120,1,5.3,3.5,1.3,1.3,1.2
EMP2121,1,6.0,3.0,1.2,2.5,1.9
EMP2122,0,1.4,0.8,0.3,0.8,0.6
EMP2123,0,5.5,3.7,1.2,3.6,1.5
EMP2124,0,7.8,3.9,2.0,1.3,2.0
EMP2125,1,4.6,2.9,1.0,1.6,2.1
EMP2126,0,2.0,1.8,0.6,0.4,1.8
EMP2127,0,4.0,3.6,3.1,2.0,3.5
EMP2128,0,3.2,3.1,1.3,0.9,1.4
EMP2129,1,11.8,6.9,2.7,0.1,6.8
EMP2130,8,28.0,4.1,2.2,1.5,1.6
EMP2131,0,0.7,0.3,0.2,0.2,0.2
EMP2132,0,0.8,0.3,0.3,0.1,0.3
EMP2133,0,3.7,3.0,1.8,2.6,1.3
EMP2134,0,5.3,2.6,2.0,1.4,2.0
EMP2135,5,11.2,5.4,2.2,5.0,4.9
EMP2136,0,4.0,2.5,1.2,2.0,2.3
EMP2137,0,1.7,0.8,0.3,0.1,0.6
EMP2138,0,1.3,0.3,0.2,0.0,0.2
EMP2139,1,2.6,0.7,0.5,0.6,0.4
EMP2140,2,16.5,10.8,10.4,7.8,4.4
EMP2141,0,5.9,3.1,2.8,1.6,2.5
EMP2142,1,5.0,0.6,0.4,0.2,0.3
EMP2143,0,0.5,0.3,0.2,0.1,0.2
EMP2144,1,11.8,9.6,7.3,3.1,4.7
EMP2145,1,1.1,0.6,0.6,0.3,0.5
EMP2146,2,12.7,9.9,9.7,4.8,3.5
EMP2147,0,12.6,8.2,7.4,8.0,4.8
EMP2148,1,6.9,3.5,1.1,2.9,3.1
EMP2149,2,11.9,6.3,5.6,5.2,2.9
EMP2150,0,3.2,2.8,2.5,2.1,1.9
EMP2151,1,15.2,13.4,6.1,6.6,12.4
EMP2152,0,0.8,0.3,0.2,0.3,0.2
EMP2153,0,7.9,4.9,1.5,4.2,2.5
EMP2154,1,0.5,0.3,0.2,0.2,0.3
EMP2155,1,2.6,0.8,0.3,0.1,0.4
EMP2156,0,2.0,1.6,0.7,0.7,0.7
EMP2157,1,3.8,1.3,0.9,0.6,0.9
EMP2158,2,7.2,3.0,2.6,2.3,1.4
EMP2159,0,7.0,3.3,2.7,0.5,1.1
EMP2160,2,3.3,1.5,0.8,0.9,0.5
EMP2161,1,24.7,20.3,13.3,12.6,8.2
EMP2162,4,20.6,15.4,11.6,12.2,10.2
EMP2163,0,0.5,0.3,0.3,0.0,0.3
EMP2164,1,6.5,3.2,2.2,1.8,1.7
EMP2165,0,15.5,12.2,5.5,3.5,6.0
EMP2166,2,9.0,5.2,3.3,0.6,3.1
EMP2167,2,4.2,2.3,0.8,0.3,2.0
EMP2168,3,11.6,4.4,1.5,0.1,3.1
EMP2169,0,2.7,2.1,1.8,0.8,1.3
EMP2170,2,2.4,1.0,0.5,0.5,0.8
EMP2171,0,9.3,8.4,2.7,8.0,2.9
EMP2172,1,6.2,3.3,1.0,2.1,3.0
EMP2173,2,14.7,10.6,6.8,3.2,9.0
EMP2174,0,3.6,2.1,1.1,0.7,0.8
EMP2175,0,1.3,0.4,0.2,0.1,0.2
EMP2176,0,0.5,0.3,0.2,0.1,0.2
EMP2177,1,4.0,3.3,1.9,2.9,2.8
EMP2178,0,0.5,0.3,0.2,0.2,0.2
EMP2179,2,5.6,4.5,2.3,0.1,4.2
EMP2180,2,3.9,2.6,2.2,1.7,0.9
EMP2181,4,15.4,3.7,2.5,1.6,2.2
EMP2182,0,8.9,5.0,2.7,3.3,2.8
EMP2183,2,2.0,1.1,0.6,0.1,0.4
EMP2184,3,10.0,4.8,3.0,1.0,1.8
EMP2185,1,1.7,1.4,1.2,0.1,1.4
EMP2186,4,16.2,6.9,4.0,3.8,5.7
EMP2187,2,2.4,1.6,0.8,0.2,1.6
EMP2188,2,4.0,2.9,0.9,2.6,2.3
EMP2189,1,11.9,1.9,1.0,0.7,0.7
EMP2190,3,4.0,2.9,1.6,2.3,2.2
EMP2191,1,5.1,1.7,1.7,0.9,0.8
EMP2192,3,7.3,1.6,1.6,1.2,0.7
EMP2193,0,1.0,0.6,0.3,0.2,0.4
EMP2194,3,12.8,5.2,4.4,0.2,1.9
EMP2195,1,15.2,10.8,6.7,8.5,10.4
EMP2196,1,23.9,15.4,11.3,3.8,12.5
EMP2197,2,6.4,2.8,1.6,1.2,2.4
EMP2198,1,6.3,1.5,0.5,0.9,1.0
EMP2199,0,10.9,7.7,7.2,1.4,5.4
EMP2200,1,5.9,3.4,1.5,2.5,3.1
EMP2201,0,1.8,0.3,0.2,0.1,0.3
EMP2202,0,0.8,0.6,0.3,0.6,0.5
EMP2203,0,0.5,0.3,0.2,0.2,0.2
EMP2204,5,8.5,1.8,1.2,1.2,0.7
EMP2205,1,0.5,0.3,0.2,0.2,0.2
EMP2206,0,2.6,1.9,0.9,0.0,1.0
EMP2207,1,2.0,1.5,0.5,0.5,1.0
EMP2208,6,18.0,9.0,5.8,5.3,6.5
EMP2209,2,2.3,0.4,0.2,0.0,0.4
EMP2210,0,3.7,1.1,0.4,0.5,0.9
EMP2211,1,8.3,3.3,2.9,0.0,2.0
EMP2212,2,0.6,0.3,0.3,0.3,0.2
EMP2213,3,24.9,9.5,7.0,2.0,4.3
EMP2214,0,13.6,13.3,13.3,0.6,9.1
EMP2215,1,7.1,3.6,3.5,2.9,2.9
EMP2216,1,8.5,7.4,7.4,2.4,5.1
EMP2217,4,6.3,1.0,1.0,0.2,0.4
EMP2218,0,1.0,0.8,0.7,0.2,0.5
EMP2219,1,3.1,0.3,0.2,0.2,0.2
EMP2220,0,1.0,0.7,0.7,0.5,0.7
EMP2221,1,2.8,2.0,1.1,0.7,1.3
EMP2222,2,3.8,0.9,0.8,0.9,0.5
EMP2223,1,3.5,2.5,2.1,1.6,1.1
EMP2224,0,1.9,1.4,0.7,0.7,0.9
EMP2225,0,5.4,3.6,2.2,2.1,3.0
EMP2226,0,5.1,3.3,1.6,3.1,1.3
EMP2227,0,1.2,1.1,0.8,0.9,0.6
EMP2228,0,1.6,1.1,0.8,1.0,0.4
EMP2229,2,2.6,0.5,0.4,0.1,0.3
EMP2230,0,3.0,1.9,1.4,1.1,0.8
EMP2231,2,9.3,4.2,4.0,2.3,3.8
EMP2232,2,11.2,9.2,6.7,1.7,3.5
EMP2233,1,5.4,2.8,1.7,1.8,1.1
EMP2234,1,5.0,1.3,0.6,0.6,1.2
EMP2235,0,7.5,1.1,0.4,0.6,0.9
EMP2236,2,6.8,4.2,2.3,2.6,3.5
EMP2237,0,1.6,0.6,0.2,0.4,0.4
EMP2238,0,1.0,0.6,0.6,0.6,0.3
EMP2239,1,3.1,2.4,2.0,1.5,2.2
EMP2240,1,7.9,7.4,3.4,4.9,2.7
EMP2241,0,2.0,0.4,0.2,0.0,0.2
EMP2242,1,0.5,0.3,0.3,0.1,0.3
EMP2243,0,3.5,0.3,0.3,0.1,0.2
EMP2244,0,1.0,0.5,0.4,0.2,0.4
EMP2245,3,6.4,2.0,1.0,1.6,1.4
EMP2246,0,7.5,6.9,2.1,0.1,2.4
EMP2247,2,8.7,5.2,4.4,0.5,2.4
EMP2248,2,2.7,0.7,0.5,0.3,0.5
EMP2249,1,2.0,1.0,0.3,0.8,0.9
EMP2250,6,13.2,2.4,2.2,0.8,1.2
EMP2251,2,7.0,3.4,2.0,2.1,2.8
EMP2252,0,0.5,0.3,0.2,0.2,0.2
EMP2253,0,2.5,0.3,0.2,0.1,0.2
EMP2254,1,8.9,4.5,3.7,4.0,3.6
EMP2255,1,12.6,1.9,1.6,1.9,1.0
EMP2256,4,12.0,0.3,0.2,0.1,0.3
EMP2257,0,4.6,3.2,3.1,1.7,2.5
EMP2258,0,7.1,5.9,4.6,0.1,3.9
EMP2259,1,3.5,2.4,1.7,0.7,2.1
EMP2260,2,3.1,2.8,1.7,1.3,2.5
EMP2261,2,10.0,4.3,4.2,1.9,1.6
EMP2262,0,5.0,4.3,3.7,3.8,2.1
EMP2263,1,0.5,0.3,0.2,0.0,0.3
EMP2264,3,15.0,5.7,3.1,2.5,3.5
EMP2265,0,8.0,3.9,1.5,3.9,3.2
EMP2266,2,3.7,2.2,0.9,1.0,2.1
EMP2267,1,0.5,0.3,0.3,0.3,0.2
EMP2268,1,10.1,8.1,6.6,2.8,5.9
EMP2269,1,13.0,4.3,3.1,1.8,2.8
EMP2270,0,4.6,3.0,2.3,1.5,2.5
EMP2271,8,21.6,6.1,2.9,3.3,4.8
EMP2272,2,15.0,5.3,3.5,3.3,2.0
EMP2273,0,13.5,12.1,6.5,3.1,7.5
EMP2274,5,15.6,2.5,2.0,1.1,2.5
EMP2275,0,5.6,4.2,1.8,3.4,3.8
EMP2276,0,13.0,7.3,6.2,3.7,4.0
EMP2277,1,5.6,3.2,1.8,3.1,1.4
EMP2278,0,9.4,8.4,6.9,1.3,3.2
EMP2279,0,0.5,0.3,0.2,0.0,0.2
EMP2280,0,8.0,6.2,4.0,3.2,3.0
EMP2281,0,19.0,15.2,9.3,8.1,5.9
EMP2282,2,2.0,1.4,1.3,1.3,0.4
EMP2283,0,25.0,17.1,6.1,8.3,13.0
EMP2284,3,9.0,2.6,0.8,2.1,2.3
EMP2285,0,1.1,0.8,0.6,0.4,0.6
EMP2286,0,0.6,0.4,0.2,0.2,0.2
EMP2287,0,15.0,9.6,6.4,6.0,5.1
EMP2288,2,3.6,0.5,0.5,0.1,0.5
EMP2289,1,2.1,1.6,0.7,0.1,0.5
EMP2290,1,6.7,6.4,2.8,2.3,2.8
EMP2291,3,3.1,1.7,1.0,0.5,1.7
EMP2292,1,6.4,2.7,2.3,0.6,2.0
EMP2293,2,11.0,5.7,4.5,2.2,4.2
EMP2294,0,14.7,13.9,13.6,5.6,12.7
EMP2295,5,9.0,1.8,1.0,1.4,1.1
EMP2296,3,8.9,5.1,3.5,4.6,5.0
EMP2297,2,27.7,12.7,11.5,11.2,6.7
EMP2298,1,3.6,3.0,2.3,2.5,2.3
EMP2299,0,0.9,0.4,0.2,0.0,0.3
EMP2300,0,0.7,0.4,0.2,0.3,0.3
EMP2301,2,7.0,2.2,1.0,1.1,1.5
EMP2302,1,8.9,3.9,2.9,2.5,3.0
EMP2303,2,12.7,5.8,5.6,5.7,3.8
EMP2304,0,0.6,0.3,0.2,0.3,0.2
EMP2305,1,1.0,0.3,0.2,0.1,0.3
EMP2306,1,5.0,2.7,2.7,2.4,2.2
EMP2307,1,17.0,13.5,11.9,6.4,9.4
EMP2308,0,2.0,0.6,0.2,0.2,0.5
EMP2309,1,3.5,2.9,2.8,1.9,1.4
EMP2310,1,2.4,1.3,1.2,0.3,1.3
EMP2311,0,4.0,3.5,1.3,1.5,2.7
EMP2312,0,1.6,1.0,0.5,0.5,1.0
EMP2313,2,6.2,1.6,1.2,1.6,1.1
EMP2314,3,4.0,2.4,2.4,1.4,0.7
EMP2315,0,8.4,4.4,2.2,1.9,2.1
EMP2316,1,3.5,1.7,0.8,1.5,1.3
EMP2317,1,0.6,0.4,0.3,0.1,0.3
EMP2318,2,10.5,3.2,2.9,1.2,2.8
EMP2319,1,8.0,2.9,2.5,0.6,1.7
EMP2320,1,3.8,0.5,0.5,0.5,0.2
EMP2321,0,0.8,0.3,0.2,0.0,0.3
EMP2322,0,3.9,3.2,2.7,1.5,2.3
EMP2323,3,17.0,5.7,5.7,0.1,5.2
EMP2324,0,1.0,0.6,0.4,0.2,0.4
EMP2325,1,1.9,1.0,0.6,0.9,0.9
EMP2326,0,1.0,0.3,0.2,0.0,0.2
EMP2327,0,5.5,2.9,1.1,2.0,2.6
EMP2328,1,13.8,11.1,8.8,6.9,3.6
EMP2329,0,7.1,3.9,2.0,0.4,3.6
EMP2330,1,4.6,2.4,2.4,0.4,1.1
EMP2331,1,15.5,8.3,4.0,0.8,8.2
EMP2332,2,8.0,4.6,1.5,3.7,2.2
EMP2333,2,2.3,0.4,0.2,0.1,0.4
EMP2334,0,2.0,1.4,0.7,0.3,1.1
EMP2335,1,4.1,2.7,1.2,1.7,2.1
EMP2336,5,10.0,5.3,3.8,4.8,1.6
EMP2337,2,8.7,5.7,4.8,1.0,2.7
EMP2338,8,14.2,1.7,1.6,0.2,1.0
EMP2339,2,12.7,4.5,2.1,2.3,2.1
EMP2340,1,1.2,0.5,0.2,0.1,0.2
EMP2341,0,0.7,0.3,0.2,0.2,0.3
EMP2342,0,1.0,0.9,0.7,0.5,0.5
EMP2343,4,12.0,3.8,3.7,1.7,3.5
EMP2344,0,3.1,2.5,1.8,1.0,1.7
EMP2345,0,1.9,1.6,0.7,1.1,1.5
EMP2346,1,2.7,1.4,1.4,1.1,0.7
EMP2347,3,12.6,0.5,0.4,0.2,0.4
EMP2348,0,7.3,6.6,4.2,1.0,4.5
EMP2349,3,14.0,2.4,1.2,0.4,2.3
EMP2350,0,0.5,0.3,0.2,0.1,0.2
EMP2351,5,20.9,6.7,2.4,3.2,2.5
EMP2352,0,8.0,6.2,4.4,2.6,5.0
EMP2353,0,10.0,5.9,5.0,2.3,3.7
EMP2354,1,13.7,5.0,4.8,0.9,2.4
EMP2355,1,16.7,6.7,4.7,1.4,3.3
EMP2356,2,12.0,5.1,2.1,1.2,4.9
EMP2357,0,7.5,4.1,2.7,0.2,1.8
EMP2358,0,8.0,6.6,4.8,4.9,4.9
EMP2359,0,3.9,2.7,2.0,1.4,1.6
EMP2360,0,10.0,8.5,7.6,4.9,7.6
EMP2361,2,14.0,5.5,4.9,3.1,2.5
EMP2362,0,0.6,0.3,0.2,0.0,0.2
EMP2363,0,2.8,1.7,1.4,0.6,1.3
EMP2364,2,12.0,8.1,6.6,7.6,7.9
EMP2365,5,20.4,7.0,2.7,2.2,2.5
EMP2366,2,19.0,11.8,11.3,4.3,4.0
EMP2367,1,6.1,2.0,1.1,1.3,0.6
EMP2368,2,8.0,4.2,2.5,0.3,2.6
EMP2369,3,9.6,6.1,5.0,1.2,6.0
EMP2370,1,1.9,0.9,0.8,0.3,0.6
EMP2371,2,2.0,1.7,1.5,1.5,1.0
EMP2372,0,21.0,17.7,13.6,0.6,7.4
EMP2373,2,1.8,1.7,0.6,0.5,1.3
EMP2374,3,8.0,5.7,3.8,4.5,2.9
EMP2375,5,14.3,1.6,1.2,1.1,1.4
EMP2376,1,10.0,4.5,1.8,3.3,3.2
EMP2377,0,1.2,0.6,0.5,0.2,0.6
EMP2378,1,9.7,8.1,6.9,5.9,2.9
EMP2379,1,0.5,0.3,0.2,0.0,0.3
EMP2380,2,8.5,4.7,1.7,0.6,3.6
EMP2381,2,1.0,0.9,0.5,0.6,0.5
EMP2382,0,7.2,3.8,1.4,3.1,1.9
EMP2383,2,10.7,2.1,1.9,2.0,1.7
EMP2384,0,2.2,0.5,0.5,0.1,0.3
EMP2385,2,3.2,1.6,0.6,0.9,1.2
EMP2386,0,9.0,5.6,4.6,3.5,3.1
EMP2387,1,1.0,0.4,0.2,0.1,0.2
EMP2388,0,1.4,1.1,0.6,0.5,0.4
EMP2389,0,8.6,6.1,3.9,0.1,4.0
EMP2390,2,19.0,16.9,9.8,3.9,7.2
EMP2391,0,5.9,1.6,0.8,1.1,0.8
EMP2392,1,4.7,2.0,1.4,1.6,1.4
EMP2393,3,25.2,12.4,11.9,3.2,4.3
EMP2394,0,3.6,0.8,0.3,0.7,0.5
EMP2395,2,7.3,3.0,2.0,0.4,2.7
EMP2396,2,3.6,0.3,0.2,0.1,0.2
EMP2397,0,2.0,0.7,0.5,0.4,0.3
EMP2398,1,1.3,0.3,0.2,0.1,0.2
EMP2399,4,12.0,3.5,2.7,1.0,1.1
EMP2400,0,3.9,1.7,1.5,0.3,0.8
EMP2401,3,11.0,6.4,2.0,4.4,4.3
EMP2402,2,3.0,2.4,2.3,0.9,1.9
EMP2403,1,3.4,0.8,0.6,0.4,0.6
EMP2404,1,2.0,0.8,0.3,0.6,0.5
EMP2405,0,3.0,0.3,0.2,0.2,0.2
EMP2406,2,10.9,3.6,2.7,1.3,1.1
EMP2407,1,6.2,4.4,3.3,4.2,4.2
EMP2408,1,2.9,0.6,0.4,0.5,0.4
EMP2409,2,3.1,2.1,1.8,1.9,1.7
EMP2410,1,9.0,2.3,2.3,1.7,0.7
EMP2411,1,1.7,1.4,1.2,0.5,1.3
EMP2412,1,7.4,5.0,1.5,4.1,2.3
EMP2413,2,3.1,1.4,1.0,0.2,0.8
EMP2414,2,1.4,0.9,0.6,0.2,0.7
EMP2415,1,12.3,9.8,3.7,6.9,6.2
EMP2416,1,7.0,1.3,0.4,0.5,1.3
EMP2417,1,2.0,1.4,1.3,0.1,1.3
EMP2418,2,20.0,11.7,5.9,0.8,10.6
EMP2419,0,1.5,0.9,0.5,0.1,0.5
EMP2420,0,3.5,2.1,1.9,0.1,1.7
EMP2421,2,4.0,1.2,1.0,0.5,0.4
EMP2422,2,8.7,2.1,1.0,0.4,1.2
EMP2423,4,9.4,2.9,2.1,1.4,1.6
EMP2424,0,1.0,0.7,0.6,0.4,0.6
EMP2425,2,12.3,1.7,1.3,1.0,0.8
EMP2426,1,12.3,8.8,7.1,5.8,6.9
EMP2427,7,28.1,8.3,7.8,5.7,4.0
EMP2428,3,7.4,4.7,1.5,0.0,4.4
EMP2429,2,10.8,7.3,6.7,1.5,3.8
EMP2430,0,7.2,1.4,1.2,0.9,1.1
EMP2431,3,8.0,3.2,2.3,0.8,1.9
EMP2432,1,5.2,3.4,1.1,0.7,2.6
EMP2433,4,8.1,3.9,2.1,3.0,1.5
EMP2434,1,6.0,5.2,1.6,4.5,4.5
EMP2435,0,12.7,9.3,2.9,2.9,4.9
EMP2436,0,1.0,0.3,0.3,0.3,0.3
EMP2437,1,11.6,5.5,3.7,4.8,3.1
EMP2438,2,2.2,0.4,0.2,0.3,0.3
EMP2439,7,12.0,3.4,2.8,1.2,1.0
EMP2440,0,2.3,1.2,0.4,0.8,0.5
EMP2441,1,2.5,1.6,1.0,1.5,1.5
EMP2442,0,10.8,7.9,7.5,0.2,4.5
EMP2443,3,8.0,3.1,1.5,1.5,2.6
EMP2444,2,8.0,2.6,2.3,2.2,2.2
EMP2445,4,18.5,6.8,3.8,1.4,6.7
EMP2446,0,1.0,0.8,0.7,0.5,0.3
EMP2447,3,13.2,3.1,2.7,1.9,2.4
EMP2448,1,5.0,4.8,2.6,3.3,3.7
EMP2449,2,4.5,3.7,3.1,0.2,3.4
EMP2450,0,5.2,2.7,1.3,0.5,2.4
EMP2451,0,2.4,1.3,0.7,0.8,0.4
EMP2452,3,7.5,2.4,2.2,2.3,0.9
EMP2453,1,7.3,1.9,1.3,0.5,1.6
EMP2454,1,2.9,0.3,0.2,0.3,0.3
EMP2455,3,19.0,1.8,0.7,0.2,0.9
EMP2456,0,3.5,2.9,2.4,1.8,2.9
EMP2457,1,2.2,1.3,0.7,0.7,0.9
EMP2458,1,9.9,4.8,1.6,4.8,2.5
EMP2459,0,0.5,0.3,0.2,0.2,0.2
EMP2460,1,0.5,0.3,0.3,0.2,0.2
EMP2461,1,11.6,11.3,5.7,5.1,7.1
EMP2462,0,1.1,0.5,0.4,0.3,0.3
EMP2463,0,0.6,0.3,0.2,0.0,0.2
EMP2464,0,12.0,11.0,7.5,6.6,5.0
EMP2465,1,1.0,0.3,0.2,0.2,0.2
EMP2466,4,10.5,4.5,4.3,0.1,3.1
EMP2467,2,8.0,3.3,2.8,2.6,1.4
EMP2468,0,0.5,0.3,0.2,0.2,0.2
EMP2469,1,3.9,2.6,1.9,1.8,1.9
EMP2470,0,0.8,0.3,0.2,0.1,0.2
EMP2471,0,8.4,7.6,6.6,7.1,4.5
EMP2472,0,0.5,0.4,0.2,0.1,0.2
EMP2473,2,17.0,2.8,2.4,0.5,2.3
EMP2474,0,3.1,2.5,0.8,0.6,1.4
EMP2475,2,11.6,3.0,2.7,0.9,1.1
EMP2476,0,3.8,0.5,0.2,0.5,0.4
EMP2477,0,2.0,0.6,0.3,0.4,0.2
EMP2478,3,4.9,0.6,0.2,0.5,0.5
EMP2479,1,3.5,2.3,2.1,1.2,1.9
EMP2480,2,21.5,15.4,15.0,11.0,13.1
EMP2481,1,1.2,0.8,0.4,0.3,0.5
EMP2482,1,1.0,0.8,0.7,0.7,0.2
EMP2483,0,7.3,1.7,0.6,1.3,0.7
EMP2484,2,4.7,1.3,0.4,0.7,1.2
EMP2485,5,16.5,7.2,4.8,1.4,5.9
EMP2486,1,19.0,12.4,11.4,6.0,5.9
EMP2487,2,12.2,6.1,3.0,3.8,3.3
EMP2488,0,3.5,1.4,0.7,1.2,0.5
EMP2489,3,7.0,3.9,2.1,3.6,3.6
EMP2490,1,11.7,9.4,6.1,5.9,5.1
EMP2491,1,2.8,1.8,1.6,1.6,1.1
EMP2492,5,9.0,2.0,1.1,2.0,0.9
EMP2493,1,0.5,0.3,0.2,0.3,0.2
EMP2494,1,0.9,0.7,0.2,0.6,0.4
EMP2495,2,11.3,6.0,4.4,0.4,3.6
EMP2496,3,2.6,0.4,0.4,0.3,0.3
EMP2497,4,19.8,16.7,14.9,10.6,9.5
EMP2498,0,0.5,0.4,0.3,0.4,0.3
EMP2499,1,1.4,0.3,0.2,0.3,0.2
EMP2500,2,2.0,1.0,1.0,1.0,0.6
EMP2501,1,3.5,1.6,0.7,0.8,0.9
EMP2502,1,9.0,7.4,3.4,1.7,2.5
EMP2503,2,2.8,1.5,0.9,1.3,0.6
EMP2504,3,5.8,1.5,1.1,1.1,0.9
EMP2505,4,13.0,5.4,1.8,3.4,3.6
EMP2506,3,5.1,2.1,0.8,0.2,0.7
EMP2507,0,2.0,1.6,1.4,0.0,0.5
EMP2508,3,4.9,2.4,2.1,2.1,0.8
EMP2509,1,12.0,5.4,5.2,2.3,5.1
EMP2510,1,5.0,3.5,3.0,1.1,2.5
EMP2511,1,0.5,0.3,0.2,0.2,0.3
EMP2512,2,4.7,2.3,2.0,1.9,1.1
EMP2513,0,4.0,2.4,2.2,0.7,1.8
EMP2514,0,0.5,0.4,0.2,0.0,0.2
EMP2515,1,1.7,1.5,0.5,1.2,0.5
EMP2516,0,24.8,14.1,7.8,5.2,12.1
EMP2517,1,2.5,0.5,0.3,0.3,0.4
EMP2518,0,1.0,0.7,0.3,0.4,0.2
EMP2519,1,1.3,0.9,0.5,0.3,0.7
EMP2520,2,3.2,1.2,1.0,0.2,1.1
EMP2521,2,5.0,1.4,1.2,0.6,0.9
EMP2522,0,1.0,0.3,0.2,0.2,0.2
EMP2523,0,8.4,4.0,2.6,3.7,3.1
EMP2524,2,8.0,2.2,1.0,0.1,1.6
EMP2525,0,2.7,0.7,0.2,0.6,0.6
EMP2526,3,14.3,6.9,3.0,1.1,2.3
EMP2527,0,2.0,1.3,0.8,0.7,0.9
EMP2528,0,0.8,0.6,0.4,0.6,0.4
EMP2529,6,18.1,3.6,1.9,3.6,3.5
EMP2530,4,7.1,4.8,4.7,2.0,1.6
EMP2531,1,5.6,5.2,2.5,3.8,2.4
EMP2532,6,14.8,5.2,4.3,0.3,3.0
EMP2533,0,3.2,2.1,1.5,0.8,1.9
EMP2534,1,4.6,1.8,1.3,1.3,1.3
EMP2535,2,11.7,4.7,4.1,0.2,2.6
EMP2536,0,11.1,7.9,7.5,3.2,4.5
EMP2537,0,1.0,0.6,0.6,0.2,0.3
EMP2538,0,4.9,3.5,2.0,0.1,3.4
EMP2539,0,8.2,6.1,4.4,4.4,5.5
EMP2540,2,3.7,1.9,1.5,0.3,1.8
EMP2541,3,17.0,8.0,7.4,5.6,5.0
EMP2542,0,4.2,0.4,0.2,0.1,0.3
EMP2543,0,6.0,4.0,3.4,2.7,2.0
EMP2544,1,8.3,4.1,4.1,3.0,2.4
EMP2545,1,4.3,2.3,1.7,0.7,0.9
EMP2546,0,1.5,1.2,0.4,0.9,1.2
EMP2547,0,15.3,4.0,3.9,3.4,1.6
EMP2548,3,7.3,5.5,5.0,2.4,2.7
EMP2549,0,7.9,4.2,3.2,3.2,3.4
EMP2550,1,4.6,3.6,2.7,1.1,2.7
EMP2551,0,3.4,3.3,3.0,2.6,1.0
EMP2552,0,2.0,1.0,0.9,0.9,0.7
EMP2553,1,3.8,1.9,1.8,0.2,1.5
EMP2554,0,1.0,0.8,0.5,0.7,0.3
EMP2555,0,9.0,3.9,3.1,3.0,3.6
EMP2556,4,17.0,7.5,4.0,2.2,3.9
EMP2557,1,3.3,1.9,1.7,1.1,1.5
EMP2558,1,1.0,0.7,0.6,0.0,0.7
EMP2559,2,12.0,7.0,5.5,6.8,5.4
EMP2560,0,0.6,0.3,0.3,0.1,0.2
EMP2561,4,14.5,9.1,5.1,6.6,5.1
EMP2562,0,4.4,4.0,3.7,3.1,2.8
EMP2563,0,0.5,0.3,0.3,0.3,0.2
EMP2564,1,1.1,0.4,0.2,0.3,0.2
EMP2565,2,14.0,9.6,3.7,5.8,4.4
EMP2566,0,0.6,0.3,0.2,0.2,0.3
EMP2567,1,9.4,4.9,3.6,4.8,3.5
EMP2568,0,1.0,0.3,0.2,0.3,0.2
EMP2569,2,0.5,0.3,0.2,0.2,0.2
EMP2570,2,17.4,9.2,3.7,7.0,3.7
EMP2571,1,2.3,1.1,1.0,0.4,0.9
EMP2572,0,2.1,1.2,0.8,0.5,0.5
EMP2573,1,6.0,2.1,0.7,1.1,2.0
EMP2574,2,21.4,17.1,7.9,14.4,9.7
EMP2575,0,0.8,0.6,0.6,0.1,0.3
EMP2576,0,0.5,0.3,0.2,0.2,0.2
EMP2577,1,15.7,6.7,3.1,6.4,4.9
EMP2578,0,15.1,13.0,7.1,10.2,8.7
EMP2579,0,12.0,11.2,10.0,1.0,4.3
EMP2580,4,8.0,3.4,1.6,2.8,2.9
EMP2581,4,11.0,7.8,4.1,2.2,3.8
EMP2582,1,7.5,6.3,4.4,2.4,3.9
EMP2583,0,1.7,0.8,0.3,0.6,0.7
EMP2584,0,13.6,9.2,3.9,3.8,8.8
EMP2585,0,14.1,9.7,7.1,9.1,8.7
EMP2586,7,26.1,12.7,12.4,0.4,5.5
EMP2587,0,4.0,1.6,1.1,0.3,1.1
EMP2588,1,1.9,0.6,0.3,0.6,0.4
EMP2589,0,7.8,3.8,1.5,3.2,2.5
EMP2590,2,3.9,2.0,1.5,0.5,1.9
EMP2591,3,4.0,1.9,0.9,0.4,1.1
EMP2592,1,8.0,6.4,2.7,1.8,6.0
EMP2593,0,5.0,4.7,3.8,1.7,3.4
EMP2594,0,2.2,0.9,0.4,0.1,0.8
EMP2595,1,6.4,3.1,2.4,1.4,1.3
EMP2596,1,3.2,2.3,0.9,0.2,1.5
EMP2597,1,15.0,12.8,6.9,6.4,12.3
EMP2598,1,3.0,1.1,0.9,0.4,0.9
EMP2599,0,7.8,5.8,2.4,2.8,3.4
EMP2600,0,3.6,1.2,1.0,0.5,0.5
EMP2601,2,6.0,2.3,1.8,1.7,1.7
EMP2602,2,2.0,0.7,0.5,0.6,0.3
EMP2603,2,13.5,10.4,9.3,8.2,5.6
EMP2604,1,16.0,5.4,1.8,1.8,3.5
EMP2605,2,5.0,2.9,1.8,1.7,2.6
EMP2606,0,6.0,4.2,1.4,0.1,3.2
EMP2607,0,2.9,2.8,1.9,0.9,1.9
EMP2608,1,8.7,4.0,3.9,3.6,2.7
EMP2609,0,4.5,2.3,2.0,1.7,1.2
EMP2610,1,8.0,1.9,1.3,0.6,0.6
EMP2611,0,0.5,0.3,0.2,0.0,0.2
EMP2612,2,14.0,2.0,0.9,0.1,0.9
EMP2613,2,2.2,0.6,0.2,0.3,0.3
EMP2614,5,8.0,2.5,0.9,0.0,2.4
EMP2615,0,4.9,0.9,0.8,0.8,0.4
EMP2616,0,0.5,0.3,0.2,0.3,0.3
EMP2617,6,8.0,1.6,1.5,1.0,1.5
EMP2618,4,11.3,5.1,2.6,3.2,3.9
EMP2619,1,6.0,2.6,2.0,2.3,2.1
EMP2620,1,1.0,0.8,0.3,0.2,0.5
EMP2621,1,4.0,2.5,0.9,1.0,1.5
EMP2622,0,0.7,0.7,0.5,0.5,0.3
EMP2623,1,9.5,3.6,1.8,1.3,1.7
EMP2624,0,7.0,4.0,1.8,1.6,1.5
EMP2625,1,1.7,1.0,0.6,0.8,0.3
EMP2626,1,3.9,3.1,1.1,0.5,2.4
EMP2627,3,7.5,3.0,1.1,2.6,2.1
EMP2628,4,9.2,3.1,2.2,0.2,2.1
EMP2629,0,2.8,2.4,2.3,2.2,1.8
EMP2630,2,3.2,0.7,0.5,0.0,0.4
EMP2631,0,5.1,4.6,4.6,2.8,2.8
EMP2632,1,1.2,0.9,0.4,0.4,0.5
EMP2633,2,5.1,2.8,1.5,2.7,1.6
EMP2634,1,1.3,0.7,0.5,0.6,0.3
EMP2635,0,1.0,0.3,0.2,0.2,0.2
EMP2636,2,7.5,4.7,2.3,1.9,4.1
EMP2637,0,3.7,2.6,1.7,2.4,2.5
EMP2638,6,12.0,4.1,3.6,1.6,2.4
EMP2639,3,2.6,0.6,0.6,0.5,0.5
EMP2640,1,3.6,2.4,1.4,0.1,0.9
EMP2641,2,4.5,2.2,1.2,1.3,1.3
EMP2642,2,15.6,11.9,9.5,4.8,4.6
EMP2643,6,12.6,5.3,3.8,5.1,2.6
EMP2644,0,6.0,2.2,1.1,0.3,1.1
EMP2645,2,5.2,2.3,1.0,1.1,2.2
EMP2646,2,2.0,0.6,0.6,0.5,0.4
EMP2647,2,8.0,7.1,4.8,2.6,2.4
EMP2648,0,1.2,0.6,0.2,0.0,0.3
EMP2649,1,5.0,4.4,3.1,3.4,3.3
EMP2650,1,1.9,0.4,0.2,0.3,0.3
EMP2651,5,18.9,5.5,3.6,5.1,2.7
EMP2652,2,6.7,3.4,1.3,2.1,1.3
EMP2653,0,6.6,5.1,4.4,1.2,4.2
EMP2654,0,5.4,2.3,2.2,1.2,1.8
EMP2655,0,0.6,0.5,0.3,0.1,0.3
EMP2656,0,1.0,0.3,0.2,0.1,0.2
EMP2657,3,10.3,5.2,3.7,2.6,1.9
EMP2658,2,11.9,6.5,4.0,1.6,5.0
EMP2659,0,2.2,0.8,0.5,0.6,0.3
EMP2660,1,12.0,8.1,7.0,0.2,4.3
EMP2661,1,7.3,5.8,3.5,2.3,4.5
EMP2662,0,3.1,2.1,1.8,2.0,2.1
EMP2663,0,6.0,4.5,4.4,4.3,3.0
EMP2664,2,1.0,0.8,0.6,0.2,0.6
EMP2665,1,3.0,2.1,1.1,0.4,1.6
EMP2666,1,8.0,5.7,1.9,0.1,2.2
EMP2667,1,1.0,0.5,0.3,0.1,0.4
EMP2668,3,16.0,1.4,1.1,0.4,0.7
EMP2669,0,8.0,7.2,4.4,5.7,4.1
EMP2670,0,9.0,6.9,2.2,4.8,5.7
EMP2671,1,6.9,3.5,1.2,1.6,1.7
EMP2672,4,12.9,5.0,1.7,3.8,4.2
EMP2673,1,3.5,1.3,0.8,1.2,0.6
EMP2674,1,7.9,6.2,2.3,0.3,4.1
EMP2675,1,6.5,0.9,0.8,0.3,0.6
EMP2676,2,14.2,7.8,3.8,2.7,4.9
EMP2677,0,1.0,0.7,0.5,0.6,0.6
EMP2678,1,6.4,3.6,2.9,0.2,1.7
EMP2679,0,10.4,7.1,2.5,4.8,6.1
EMP2680,0,4.0,3.4,1.3,2.6,1.6
EMP2681,1,16.0,10.6,4.9,3.8,6.8
EMP2682,0,6.7,4.5,1.9,2.3,4.3
EMP2683,2,3.5,2.0,0.8,1.3,0.8
EMP2684,1,5.4,1.3,1.0,0.5,1.0
EMP2685,1,8.3,3.4,2.7,2.1,3.2
EMP2686,1,1.7,0.4,0.3,0.3,0.3
EMP2687,1,2.0,0.4,0.2,0.1,0.2
EMP2688,0,3.0,2.1,1.5,0.9,2.1
EMP2689,1,9.2,4.0,3.5,1.3,2.2
EMP2690,4,11.8,6.0,3.3,2.3,5.3
EMP2691,4,5.0,2.7,2.2,1.2,0.9
EMP2692,0,0.8,0.3,0.3,0.3,0.2
EMP2693,2,7.6,1.1,1.0,0.6,0.8
EMP2694,2,21.0,15.0,12.3,2.8,7.9
EMP2695,1,9.0,3.9,3.3,1.7,2.7
EMP2696,0,1.4,1.1,0.6,0.5,1.0
EMP2697,1,0.5,0.4,0.2,0.1,0.2
EMP2698,3,12.3,5.5,4.8,1.7,2.6
EMP2699,3,15.0,11.5,7.7,9.1,4.4
EMP2700,0,0.6,0.3,0.2,0.3,0.3
EMP2701,1,8.2,6.5,3.8,2.5,5.6
EMP2702,0,1.5,0.6,0.2,0.0,0.5
EMP2703,1,0.5,0.3,0.3,0.1,0.2
EMP2704,0,7.5,4.7,3.2,0.1,2.8
EMP2705,1,8.3,6.2,6.0,2.5,6.0
EMP2706,2,3.0,1.3,0.6,1.2,0.6
EMP2707,0,11.1,6.2,4.5,0.9,2.1
EMP2708,4,14.3,7.7,3.7,6.9,2.8
EMP2709,0,1.0,0.8,0.4,0.1,0.5
EMP2710,0,6.7,1.1,0.7,0.7,0.8
EMP2711,0,9.2,6.1,6.1,2.4,3.8
EMP2712,0,6.0,1.5,0.8,1.1,0.9
EMP2713,5,25.1,10.2,5.7,5.7,8.3
EMP2714,1,10.0,3.4,1.8,1.2,3.3
EMP2715,0,1.0,0.9,0.8,0.9,0.5
EMP2716,0,2.0,0.8,0.3,0.8,0.6
EMP2717,2,11.8,5.3,3.5,0.7,2.9
EMP2718,7,27.7,17.6,17.0,2.8,5.3
EMP2719,0,2.5,0.7,0.6,0.7,0.2
EMP2720,1,1.0,0.3,0.2,0.1,0.2
EMP2721,3,9.0,5.2,2.4,3.1,3.8
EMP2722,1,1.6,0.5,0.4,0.3,0.3
EMP2723,0,0.7,0.3,0.2,0.1,0.2
EMP2724,7,18.0,5.9,3.6,3.3,2.1
EMP2725,1,7.6,3.5,2.8,0.3,2.6
EMP2726,6,16.8,10.2,9.4,9.7,5.7
EMP2727,2,9.0,1.7,1.1,0.6,0.6
EMP2728,0,1.9,1.2,0.9,0.7,1.0
EMP2729,0,13.0,6.4,3.0,3.9,3.0
EMP2730,1,1.0,0.8,0.7,0.4,0.8
EMP2731,0,0.5,0.3,0.2,0.1,0.2
EMP2732,1,18.0,12.0,6.3,1.1,9.9
EMP2733,2,9.0,1.0,1.0,0.8,0.7
EMP2734,2,14.0,2.0,2.0,0.4,0.7
EMP2735,0,0.7,0.6,0.5,0.5,0.5
EMP2736,3,16.7,8.3,3.5,3.1,3.3
EMP2737,2,6.0,4.2,3.7,1.8,2.9
EMP2738,2,9.0,3.6,1.8,2.0,3.2
EMP2739,1,18.4,14.0,12.9,4.2,9.6
EMP2740,2,5.0,1.7,0.6,0.2,0.9
EMP2741,1,11.8,11.2,6.3,7.7,6.4
EMP2742,3,8.0,2.4,2.1,2.3,2.0
EMP2743,1,10.1,7.4,4.7,5.4,5.4
EMP2744,0,18.0,14.2,8.6,1.8,5.7
EMP2745,1,8.0,4.6,3.0,4.5,2.9
EMP2746,1,3.8,1.0,0.5,0.6,0.4
EMP2747,0,0.5,0.4,0.3,0.1,0.2
EMP2748,2,17.9,13.3,8.5,1.8,6.6
EMP2749,2,25.0,16.4,16.1,8.4,6.8
EMP2750,4,29.6,5.8,2.6,0.7,2.8
EMP2751,0,1.0,0.3,0.3,0.1,0.2
EMP2752,0,8.4,6.6,5.5,1.6,5.5
EMP2753,0,9.0,6.5,4.2,6.4,6.0
EMP2754,2,12.0,1.7,1.2,0.9,1.1
EMP2755,0,0.7,0.3,0.3,0.0,0.3
EMP2756,0,8.4,6.8,4.7,2.4,6.3
EMP2757,0,2.0,0.9,0.6,0.5,0.6
EMP2758,0,4.2,2.7,1.6,0.9,2.0
EMP2759,0,3.8,2.3,2.2,0.4,0.9
EMP2760,0,2.0,1.0,0.6,0.0,0.5
EMP2761,1,3.8,1.6,1.2,1.5,0.8
EMP2762,0,16.0,12.3,5.0,9.9,5.5
EMP2763,1,8.0,6.7,5.0,3.3,3.8
EMP2764,2,12.2,5.3,3.0,0.8,2.0
EMP2765,4,5.0,0.8,0.7,0.8,0.5
EMP2766,1,5.6,4.5,3.9,2.1,3.5
EMP2767,0,3.3,0.9,0.4,0.8,0.3
EMP2768,3,7.3,4.0,3.2,0.5,2.5
EMP2769,2,8.1,5.3,2.4,0.6,1.9
EMP2770,1,8.8,5.2,2.2,4.5,3.3
EMP2771,1,12.3,9.1,2.9,2.8,5.9
EMP2772,4,14.6,3.5,3.4,2.0,1.2
EMP2773,0,0.5,0.3,0.2,0.2,0.2
EMP2774,0,5.1,3.9,1.7,1.4,1.5
EMP2775,0,0.5,0.4,0.3,0.1,0.3
EMP2776,1,2.0,0.7,0.3,0.1,0.4
EMP2777,1,9.0,4.6,1.6,2.5,3.3
EMP2778,1,5.0,3.8,1.6,3.0,1.5
EMP2779,2,11.6,2.8,1.2,0.4,2.3
EMP2780,1,2.7,1.1,0.5,0.9,0.6
EMP2781,1,22.2,15.6,14.6,11.5,13.7
EMP2782,5,20.9,2.1,1.2,1.3,1.1
EMP2783,1,7.3,6.4,3.8,2.9,6.1
EMP2784,0,13.8,11.4,11.0,11.1,5.7
EMP2785,1,2.3,1.3,1.0,0.4,0.7
EMP2786,1,12.7,5.0,3.3,4.4,3.2
EMP2787,5,14.0,3.1,1.2,1.0,2.6
EMP2788,1,10.8,7.6,4.8,4.3,6.6
EMP2789,6,15.0,3.2,2.6,0.8,1.4
EMP2790,0,6.6,4.3,3.5,2.4,3.7
EMP2791,6,9.0,3.1,1.4,0.5,2.2
EMP2792,0,9.2,8.0,6.3,7.0,5.5
EMP2793,0,1.1,0.4,0.2,0.2,0.3
EMP2794,0,0.5,0.3,0.2,0.2,0.2
EMP2795,7,13.0,1.3,1.1,0.3,1.0
EMP2796,3,4.0,1.2,1.1,1.0,0.7
EMP2797,0,8.5,5.8,2.1,4.0,2.4
EMP2798,3,14.2,10.5,5.8,9.8,9.5
EMP2799,2,9.0,5.3,3.6,4.8,4.4
EMP2800,1,5.9,1.7,0.7,0.7,0.7
EMP2801,0,4.0,2.0,1.1,1.9,1.6
EMP2802,0,4.2,2.1,1.7,1.4,0.6
EMP2803,3,14.4,6.6,6.1,6.5,5.7
EMP2804,1,4.0,0.3,0.2,0.2,0.2
EMP2805,0,4.3,1.9,0.7,1.8,1.8
EMP2806,2,14.6,9.7,4.5,7.8,4.6
EMP2807,1,15.0,14.6,10.4,7.4,14.1
EMP2808,2,11.3,3.4,1.9,0.8,3.3
EMP2809,1,2.0,0.3,0.2,0.0,0.3
EMP2810,0,12.6,12.0,9.0,11.0,9.8
EMP2811,0,5.9,4.3,4.2,0.9,3.4
EMP2812,0,2.3,1.7,1.7,1.1,0.7
EMP2813,1,10.3,7.4,5.1,1.7,5.7
EMP2814,0,11.0,6.1,4.2,2.2,5.7
EMP2815,1,6.0,2.8,2.4,2.0,1.5
EMP2816,0,8.0,6.8,3.5,3.0,5.3
EMP2817,0,1.0,0.4,0.4,0.0,0.4
EMP2818,0,0.9,0.6,0.4,0.0,0.4
EMP2819,0,6.0,5.3,3.8,2.9,4.7
EMP2820,1,5.7,1.0,1.0,0.1,0.7
EMP2821,1,7.7,3.8,1.5,0.9,3.4
EMP2822,1,19.0,14.6,4.9,2.3,8.8
EMP2823,3,15.0,13.0,5.3,1.0,9.6
EMP2824,0,2.0,0.6,0.2,0.4,0.3
EMP2825,1,5.0,2.7,1.1,1.0,2.1
EMP2826,1,1.0,0.4,0.3,0.1,0.2
EMP2827,2,8.6,4.7,2.0,2.3,1.8
EMP2828,1,2.9,2.6,2.0,2.5,2.1
EMP2829,1,8.3,5.0,4.5,3.2,4.8
EMP2830,3,10.0,2.8,2.4,1.7,1.9
EMP2831,0,8.0,7.4,5.7,7.3,5.4
EMP2832,0,3.0,0.8,0.5,0.8,0.3
EMP2833,0,1.6,1.1,0.8,0.4,0.7
EMP2834,0,11.2,6.7,2.8,4.7,4.0
EMP2835,4,8.7,2.3,1.7,0.8,1.1
EMP2836,0,1.0,0.7,0.4,0.5,0.5
EMP2837,5,19.3,8.7,3.8,4.1,4.4
EMP2838,1,5.2,4.2,3.3,4.2,1.5
EMP2839,0,4.5,3.2,2.0,1.0,2.0
EMP2840,0,0.5,0.4,0.2,0.2,0.2
EMP2841,3,6.0,1.5,0.7,0.7,1.1
EMP2842,0,3.7,2.3,2.0,2.1,2.3
EMP2843,1,0.5,0.3,0.3,0.2,0.3
EMP2844,0,5.0,4.7,1.9,1.8,2.7
EMP2845,0,6.0,3.8,3.5,1.9,2.2
EMP2846,2,13.3,11.0,5.0,10.2,9.4
EMP2847,3,20.9,16.7,7.4,6.2,5.7
EMP2848,1,1.7,0.9,0.4,0.0,0.3
EMP2849,1,0.9,0.7,0.3,0.2,0.3
EMP2850,1,14.2,11.4,9.4,2.1,10.5
EMP2851,3,18.0,7.1,6.8,6.7,6.2
EMP2852,2,13.6,7.1,2.9,4.1,5.9
EMP2853,0,1.3,1.2,1.0,0.2,1.2
EMP2854,1,0.8,0.3,0.2,0.0,0.3
EMP2855,0,1.1,0.5,0.2,0.1,0.3
EMP2856,1,15.8,6.2,4.8,3.2,3.8
EMP2857,2,4.3,2.6,2.3,1.8,1.3
EMP2858,1,5.3,4.5,4.4,3.3,3.0
EMP2859,2,8.0,5.4,4.4,4.8,3.0
EMP2860,0,0.5,0.4,0.4,0.4,0.3
EMP2861,2,3.3,1.7,0.5,1.7,1.4
EMP2862,2,1.2,0.7,0.5,0.1,0.5
EMP2863,6,13.2,4.5,4.2,4.0,2.4
EMP2864,2,10.0,3.7,3.3,2.9,1.5
EMP2865,3,10.3,7.5,5.5,3.2,3.7
EMP2866,0,0.5,0.3,0.3,0.2,0.2
EMP2867,0,10.0,7.6,4.0,5.6,2.8
EMP2868,1,14.4,10.6,7.8,1.3,7.0
EMP2869,1,3.0,1.5,0.7,1.1,0.7
EMP2870,0,0.7,0.4,0.2,0.0,0.2
EMP2871,1,4.0,0.3,0.2,0.2,0.2
EMP2872,2,3.3,0.8,0.4,0.5,0.5
EMP2873,0,1.0,0.4,0.4,0.3,0.2
EMP2874,0,2.0,0.7,0.3,0.3,0.5
EMP2875,1,1.9,0.7,0.3,0.6,0.6
EMP2876,0,5.6,4.5,2.8,4.4,3.1
EMP2877,1,6.5,2.2,1.4,1.4,0.8
EMP2878,1,2.5,1.3,1.2,0.1,0.5
EMP2879,3,11.0,4.6,3.3,1.9,2.9
EMP2880,0,1.5,1.4,0.7,0.5,1.0
EMP2881,1,0.8,0.3,0.2,0.2,0.2
EMP2882,1,1.6,0.3,0.2,0.3,0.2
EMP2883,1,11.9,6.2,5.7,4.8,5.2
EMP2884,6,28.4,7.9,3.4,2.2,3.2
EMP2885,0,5.6,4.5,2.6,4.2,1.9
EMP2886,1,2.0,0.9,0.6,0.7,0.9
EMP2887,0,2.0,1.2,0.7,0.6,0.9
EMP2888,0,0.6,0.5,0.4,0.1,0.4
EMP2889,4,11.7,1.2,0.9,0.5,0.9
EMP2890,0,2.5,1.1,0.4,0.8,0.6
EMP2891,0,15.3,8.4,3.4,3.4,4.1
EMP2892,3,5.7,1.6,1.0,0.5,0.6
EMP2893,3,7.3,3.5,1.4,3.3,1.4
EMP2894,4,10.9,1.4,0.4,1.0,0.6
EMP2895,2,1.0,0.5,0.4,0.0,0.3
EMP2896,0,11.8,5.7,4.9,2.4,4.7
EMP2897,1,1.5,1.3,0.9,1.3,0.7
EMP2898,3,21.0,9.7,3.7,9.3,8.1
EMP2899,1,3.5,1.7,1.2,1.4,1.0
EMP2900,0,1.0,0.5,0.3,0.5,0.2
EMP2901,3,12.7,8.2,6.1,2.4,3.1
EMP2902,0,0.9,0.3,0.2,0.1,0.2
EMP2903,0,3.0,1.6,0.9,0.8,1.5
EMP2904,0,9.6,5.9,3.4,2.6,4.9
EMP2905,0,5.0,4.0,1.5,2.9,2.2
EMP2906,1,11.0,8.0,6.9,4.9,4.5
EMP2907,1,8.3,4.3,3.8,3.7,3.8
EMP2908,3,7.9,2.6,2.4,1.9,0.9
EMP2909,0,2.0,0.7,0.2,0.2,0.3
EMP2910,1,1.0,0.7,0.6,0.5,0.4
EMP2911,8,19.4,4.1,1.6,1.7,3.9
EMP2912,0,0.8,0.5,0.2,0.3,0.4
EMP2913,1,4.0,0.9,0.8,0.9,0.6
EMP2914,1,3.7,1.4,0.4,0.7,1.1
EMP2915,0,1.4,1.1,0.7,0.2,0.7
EMP2916,1,6.6,5.1,2.8,2.4,3.1
EMP2917,0,7.9,3.1,3.1,1.9,1.8
EMP2918,1,7.6,3.3,3.3,1.2,1.0
EMP2919,1,11.8,5.0,5.0,4.2,4.0
EMP2920,1,1.9,0.6,0.4,0.3,0.4
EMP2921,1,4.9,0.4,0.4,0.1,0.2
EMP2922,1,2.2,1.8,0.8,0.7,1.5
EMP2923,1,10.4,5.2,3.6,0.3,4.9
EMP2924,0,1.0,0.3,0.3,0.2,0.3
EMP2925,0,7.2,5.9,2.1,1.5,4.6
EMP2926,0,3.4,2.3,1.6,2.2,1.9
EMP2927,2,8.0,2.8,1.8,2.5,2.8
EMP2928,3,10.6,4.3,2.1,0.2,3.0
EMP2929,0,12.6,7.2,6.1,0.9,5.4
EMP2930,1,0.7,0.3,0.3,0.1,0.2
EMP2931,1,27.0,22.1,18.9,6.4,11.6
EMP2932,1,0.6,0.4,0.4,0.3,0.3
EMP2933,2,1.7,0.3,0.2,0.1,0.2
EMP2934,1,2.0,0.8,0.5,0.7,0.3
EMP2935,0,3.9,3.2,2.0,1.2,1.8
EMP2936,0,4.1,1.7,1.1,0.3,1.2
EMP2937,1,0.5,0.3,0.2,0.1,0.2
EMP2938,1,6.8,3.4,1.8,1.3,1.7
EMP2939,2,13.8,3.5,1.6,2.1,2.7
EMP2940,2,15.3,7.5,6.4,1.2,3.1
EMP2941,7,13.0,4.5,3.5,0.8,4.0
EMP2942,1,4.5,3.9,3.9,0.4,2.4
EMP2943,0,1.0,0.8,0.6,0.6,0.4
EMP2944,1,10.8,4.8,3.3,4.0,4.1
EMP2945,0,1.6,1.3,1.0,0.4,0.8
EMP2946,1,2.4,1.5,1.2,0.1,0.9
EMP2947,0,1.0,0.3,0.2,0.0,0.3
EMP2948,2,13.0,2.9,1.1,1.8,2.3
EMP2949,1,6.0,3.5,3.1,3.4,3.1
EMP2950,2,15.7,12.7,6.1,2.1,6.3
EMP2951,2,5.3,0.6,0.2,0.3,0.2
EMP2952,3,8.0,1.3,0.6,0.3,0.7
EMP2953,0,4.0,1.8,0.5,0.7,0.8
EMP2954,1,1.7,0.6,0.5,0.2,0.4
EMP2955,1,3.5,1.4,0.7,0.5,1.1
EMP2956,0,14.0,11.0,9.4,0.9,9.8
EMP2957,0,6.0,2.6,0.9,1.5,2.2
EMP2958,0,0.5,0.5,0.5,0.4,0.4
EMP2959,3,10.5,1.8,0.9,1.6,1.0
EMP2960,0,3.1,2.2,1.5,0.2,1.9
EMP2961,0,0.5,0.3,0.3,0.2,0.3
EMP2962,0,0.5,0.3,0.2,0.2,0.3
EMP2963,4,7.3,1.2,1.2,0.6,0.4
EMP2964,0,2.0,1.0,0.5,0.5,0.5
EMP2965,3,10.0,5.7,4.0,3.4,5.4
EMP2966,1,1.0,0.8,0.3,0.2,0.6
EMP2967,1,15.7,13.7,6.4,8.2,4.9
EMP2968,1,3.0,1.9,1.8,1.4,0.9
EMP2969,3,5.6,3.3,1.8,1.7,1.8
EMP2970,1,9.0,7.4,2.8,3.1,4.0
EMP2971,2,5.0,1.3,1.1,0.3,1.1
EMP2972,2,2.0,1.2,0.9,0.1,0.4
EMP2973,0,6.7,6.3,5.6,0.3,4.7
EMP2974,2,22.6,10.9,9.9,9.9,9.1
EMP2975,4,20.9,3.2,1.2,2.3,3.0
EMP2976,0,3.6,2.3,1.0,2.1,1.5
EMP2977,1,13.8,4.7,4.3,3.5,3.6
EMP2978,2,8.5,5.4,3.9,5.4,4.3
EMP2979,0,1.2,0.4,0.4,0.2,0.3
EMP2980,2,7.5,3.0,2.3,2.3,1.7
EMP2981,0,6.0,4.6,2.6,3.7,3.1
EMP2982,0,4.6,2.5,2.5,0.6,2.1
EMP2983,3,15.0,6.5,3.4,5.1,5.6
EMP2984,2,3.5,1.3,1.1,1.2,0.9
EMP2985,4,14.0,1.8,0.5,0.4,1.2
EMP2986,2,8.2,3.9,1.3,1.8,3.8
EMP2987,3,3.9,0.9,0.3,0.8,0.7
EMP2988,3,5.0,0.9,0.5,0.6,0.4
EMP2989,2,26.4,10.2,3.1,7.2,9.3
EMP2990,0,6.9,6.0,5.0,1.1,5.7
EMP2991,1,0.5,0.3,0.2,0.2,0.2
EMP2992,0,9.5,5.3,4.7,3.7,5.2
EMP2993,3,27.9,21.6,10.7,19.0,11.4
EMP2994,7,10.0,1.2,1.1,0.4,0.5
EMP2995,3,7.0,2.0,1.8,0.1,1.3
EMP2996,2,4.7,3.3,3.3,1.1,2.7
EMP2997,2,3.5,0.8,0.5,0.6,0.4
EMP2998,0,10.0,3.5,1.8,0.4,1.7
EMP2999,5,20.3,14.0,10.1,10.3,12.1
EMP3000,0,9.8,6.3,5.2,3.4,4.2
