Employee_ID,Performance_Rating,Job_Satisfaction,Work_Life_Balance,Manager_Rating,Training_Hours,Training_Completed,Promotion_Last_2_Years
EMP0001,2.8,2,2,2.5,25,0,Yes
EMP0002,2.9,3,2,2.8,13,1,No
EMP0003,4.4,3,2,4.1,95,1,No
EMP0004,3.6,1,2,3.2,47,1,No
EMP0005,3.2,3,3,3.4,22,0,No
EMP0006,4.2,3,4,4.0,27,0,Yes
EMP0007,3.1,2,2,2.8,13,0,No
EMP0008,3.2,2,3,3.0,34,1,No
EMP0009,3.1,1,2,2.8,39,1,No
EMP0010,2.0,2,2,2.3,77,1,No
EMP0011,4.0,2,3,4.1,19,0,No
EMP0012,2.6,2,3,2.0,18,0,No
EMP0013,3.0,3,2,3.5,5,1,No
EMP0014,2.9,5,2,3.3,39,1,No
EMP0015,3.9,2,1,3.8,35,0,No
EMP0016,3.4,2,2,3.0,20,1,No
EMP0017,3.4,2,2,3.4,22,0,No
EMP0018,2.2,1,3,2.0,21,1,No
EMP0019,3.3,3,3,3.5,36,0,No
EMP0020,2.4,2,3,2.4,26,0,No
EMP0021,3.6,2,5,4.1,39,1,No
EMP0022,3.7,2,2,3.1,7,0,No
EMP0023,3.4,4,2,3.1,30,0,Yes
EMP0024,4.8,3,2,4.9,24,0,No
EMP0025,3.8,2,3,3.6,33,1,No
EMP0026,3.8,2,1,3.6,48,1,No
EMP0027,3.5,3,2,3.0,17,1,No
EMP0028,3.3,1,3,4.0,30,1,No
EMP0029,4.1,3,2,4.0,18,0,Yes
EMP0030,4.2,2,3,4.5,41,1,No
EMP0031,2.5,2,2,2.2,26,1,No
EMP0032,4.1,3,2,3.9,18,1,No
EMP0033,3.8,1,3,3.8,7,0,No
EMP0034,4.1,1,2,4.7,27,1,No
EMP0035,3.7,3,3,4.2,23,0,No
EMP0036,2.5,3,3,3.3,15,1,No
EMP0037,2.6,1,3,3.2,34,1,No
EMP0038,4.7,2,2,5.0,37,0,No
EMP0039,3.6,2,2,3.5,9,1,No
EMP0040,2.4,3,3,2.1,14,0,Yes
EMP0041,3.6,3,2,4.1,38,1,No
EMP0042,3.1,4,3,2.8,49,1,No
EMP0043,2.1,3,3,2.3,18,0,Yes
EMP0044,1.8,2,4,1.6,29,0,No
EMP0045,2.3,3,4,1.9,31,1,No
EMP0046,3.6,3,3,3.6,40,1,No
EMP0047,3.4,1,2,3.0,16,0,No
EMP0048,3.2,2,2,3.1,93,1,No
EMP0049,3.6,3,3,3.9,54,1,No
EMP0050,3.8,1,1,3.7,57,1,No
EMP0051,1.9,2,3,2.3,54,1,No
EMP0052,3.2,2,2,3.0,14,1,Yes
EMP0053,2.8,1,1,2.9,4,0,No
EMP0054,2.5,2,2,2.1,9,0,No
EMP0055,3.0,3,1,3.5,27,0,No
EMP0056,3.3,4,2,2.5,37,1,No
EMP0057,3.2,2,2,3.3,40,0,No
EMP0058,2.4,2,3,2.6,19,1,No
EMP0059,3.1,1,2,2.1,4,1,No
EMP0060,4.8,3,3,4.1,25,0,Yes
EMP0061,2.7,2,2,2.1,13,0,No
EMP0062,2.2,2,2,2.2,68,1,No
EMP0063,3.6,2,3,3.5,22,0,No
EMP0064,3.8,3,3,3.7,6,0,No
EMP0065,3.7,4,3,3.9,19,0,No
EMP0066,2.6,1,1,3.5,56,1,Yes
EMP0067,4.1,1,3,3.7,59,1,Yes
EMP0068,2.9,2,2,3.0,48,1,No
EMP0069,2.6,2,2,2.6,10,0,No
EMP0070,3.0,3,2,3.4,31,1,No
EMP0071,3.3,3,3,2.5,18,0,No
EMP0072,3.9,3,3,3.3,11,0,No
EMP0073,3.8,2,3,3.4,16,0,No
EMP0074,3.4,4,4,3.0,1,0,No
EMP0075,4.1,3,4,4.2,4,0,No
EMP0076,3.5,1,3,3.3,60,1,Yes
EMP0077,4.0,2,2,3.2,21,0,Yes
EMP0078,2.4,2,4,2.1,3,0,Yes
EMP0079,2.3,2,3,1.7,51,1,No
EMP0080,3.9,4,3,3.6,4,1,No
EMP0081,2.4,2,1,2.3,36,0,No
EMP0082,3.2,3,3,2.9,29,1,No
EMP0083,3.3,2,4,3.8,28,0,Yes
EMP0084,3.1,2,1,4.0,50,1,No
EMP0085,3.1,2,1,3.3,120,1,No
EMP0086,4.4,2,2,3.8,97,1,No
EMP0087,1.6,1,2,2.1,60,1,No
EMP0088,4.0,1,1,4.8,36,0,No
EMP0089,5.0,3,3,4.9,23,0,Yes
EMP0090,3.4,3,2,3.5,47,0,No
EMP0091,3.4,3,3,3.8,7,0,No
EMP0092,3.9,4,2,4.0,38,1,No
EMP0093,4.7,3,2,5.0,10,1,No
EMP0094,2.6,3,3,2.8,12,0,No
EMP0095,3.5,1,2,3.2,53,1,No
EMP0096,3.3,1,3,3.1,22,0,No
EMP0097,3.8,3,1,3.7,6,0,Yes
EMP0098,3.5,3,2,3.2,32,0,No
EMP0099,3.9,2,2,4.4,15,0,No
EMP0100,3.1,3,2,3.2,29,0,No
EMP0101,3.4,4,3,3.3,16,0,No
EMP0102,2.9,2,3,3.2,77,1,No
EMP0103,2.9,3,3,2.9,19,0,No
EMP0104,3.3,3,4,3.7,44,0,Yes
EMP0105,3.3,4,4,3.9,8,0,No
EMP0106,2.6,3,2,2.7,7,0,No
EMP0107,4.5,2,2,4.3,31,0,No
EMP0108,3.3,2,1,2.8,80,1,No
EMP0109,2.4,1,4,3.1,38,1,No
EMP0110,4.2,3,3,4.3,20,1,No
EMP0111,2.9,2,3,2.7,11,0,No
EMP0112,3.8,1,2,3.7,7,0,No
EMP0113,3.4,3,3,2.9,10,0,Yes
EMP0114,3.6,3,3,4.1,12,1,No
EMP0115,3.5,3,2,3.6,18,0,No
EMP0116,3.0,1,2,2.8,21,1,No
EMP0117,3.4,2,3,2.8,29,0,No
EMP0118,4.8,2,3,5.0,19,1,Yes
EMP0119,1.8,2,3,1.8,15,1,No
EMP0120,3.4,2,3,2.5,55,1,No
EMP0121,3.7,3,2,3.5,19,0,No
EMP0122,2.7,2,2,2.7,9,1,No
EMP0123,2.4,1,2,2.4,15,0,No
EMP0124,4.9,2,3,4.5,39,1,No
EMP0125,3.1,2,2,3.5,15,0,No
EMP0126,4.9,3,2,5.0,32,0,No
EMP0127,3.8,4,3,3.8,89,1,No
EMP0128,3.5,2,3,3.2,46,0,No
EMP0129,3.7,1,2,3.0,46,1,No
EMP0130,3.8,2,3,3.6,11,0,Yes
EMP0131,4.2,2,2,4.1,30,1,No
EMP0132,3.7,2,2,3.2,59,1,No
EMP0133,3.5,1,2,3.6,15,1,No
EMP0134,3.5,2,2,3.8,27,1,No
EMP0135,4.3,3,4,4.1,25,0,No
EMP0136,4.0,4,1,3.8,35,1,No
EMP0137,2.7,2,4,2.7,26,1,No
EMP0138,3.0,2,2,3.6,26,0,No
EMP0139,3.6,3,2,4.1,29,0,No
EMP0140,3.0,3,2,2.3,36,0,No
EMP0141,3.1,1,3,2.9,10,1,No
EMP0142,2.7,3,2,3.7,45,0,No
EMP0143,3.2,2,3,3.1,45,0,No
EMP0144,3.7,1,1,4.4,23,1,No
EMP0145,4.1,2,3,4.3,30,0,No
EMP0146,3.4,1,2,3.9,47,1,No
EMP0147,4.9,3,2,4.7,56,0,No
EMP0148,3.3,2,2,3.3,14,0,No
EMP0149,5.0,3,3,5.0,29,0,Yes
EMP0150,4.1,3,2,4.1,8,0,No
EMP0151,3.7,1,2,3.7,49,1,No
EMP0152,3.1,2,4,3.6,42,0,No
EMP0153,1.4,1,4,1.3,19,1,No
EMP0154,3.3,2,2,3.8,28,0,No
EMP0155,3.5,3,2,3.3,9,0,No
EMP0156,4.7,2,2,4.6,37,0,No
EMP0157,2.4,1,1,2.7,24,0,No
EMP0158,4.7,3,1,4.9,21,1,No
EMP0159,3.2,4,4,3.6,57,1,No
EMP0160,3.9,2,4,3.9,55,1,No
EMP0161,1.6,4,4,1.6,24,0,No
EMP0162,3.5,1,1,3.3,16,0,No
EMP0163,3.2,3,1,2.6,23,0,No
EMP0164,3.9,3,2,3.7,45,1,No
EMP0165,3.5,3,2,3.9,22,1,No
EMP0166,2.6,2,1,2.6,6,0,No
EMP0167,4.1,2,1,4.2,22,0,No
EMP0168,3.9,3,1,4.4,26,1,No
EMP0169,3.8,3,3,3.4,42,0,Yes
EMP0170,4.1,2,2,4.2,36,0,No
EMP0171,4.2,3,3,4.0,45,1,No
EMP0172,3.4,3,2,3.8,23,0,No
EMP0173,2.4,1,3,1.8,20,0,No
EMP0174,2.4,3,4,2.3,34,1,No
EMP0175,4.3,4,1,4.1,30,0,No
EMP0176,3.9,3,2,3.8,39,0,Yes
EMP0177,3.5,3,4,3.3,25,0,Yes
EMP0178,3.1,4,2,3.8,20,1,Yes
EMP0179,3.4,2,3,3.3,26,0,Yes
EMP0180,3.4,3,2,3.3,21,0,Yes
EMP0181,3.2,3,4,2.6,40,1,No
EMP0182,2.9,1,3,2.4,16,0,No
EMP0183,4.9,2,3,4.6,8,0,No
EMP0184,3.6,1,1,3.1,66,0,No
EMP0185,3.0,1,2,3.2,12,0,No
EMP0186,2.5,2,2,2.3,4,0,No
EMP0187,2.9,2,2,2.7,3,0,Yes
EMP0188,3.9,2,3,3.8,4,0,No
EMP0189,3.9,2,2,3.5,18,1,No
EMP0190,3.2,2,1,2.7,33,1,No
EMP0191,3.4,1,3,3.1,58,1,No
EMP0192,3.2,1,2,3.3,40,1,Yes
EMP0193,2.6,1,1,2.5,26,0,No
EMP0194,4.3,1,2,4.0,11,0,No
EMP0195,3.7,3,2,4.3,15,0,Yes
EMP0196,5.0,3,2,5.0,20,0,Yes
EMP0197,2.9,2,1,3.1,35,1,No
EMP0198,3.3,3,2,3.9,33,0,No
EMP0199,4.0,2,3,3.6,42,1,No
EMP0200,3.2,1,2,3.6,38,1,No
EMP0201,2.4,2,4,2.5,17,0,No
EMP0202,2.7,2,4,2.8,18,1,Yes
EMP0203,3.5,3,2,2.9,46,1,No
EMP0204,3.6,3,3,3.3,11,0,No
EMP0205,3.3,2,4,3.3,15,0,No
EMP0206,4.1,1,3,4.1,58,1,No
EMP0207,4.1,3,4,4.7,17,0,No
EMP0208,3.6,3,2,3.4,22,0,No
EMP0209,3.4,1,4,3.5,51,0,No
EMP0210,3.2,3,3,3.1,12,0,No
EMP0211,3.8,2,1,3.3,8,1,Yes
EMP0212,4.0,3,2,3.9,72,1,No
EMP0213,3.4,2,3,3.4,18,0,No
EMP0214,3.7,1,2,4.4,30,0,No
EMP0215,3.2,1,2,3.7,14,0,No
EMP0216,2.4,2,1,2.2,42,0,No
EMP0217,2.7,1,2,2.3,32,1,No
EMP0218,3.9,3,2,3.9,7,0,No
EMP0219,3.7,3,1,3.5,35,1,No
EMP0220,4.5,1,2,5.0,26,1,Yes
EMP0221,3.4,3,2,3.7,6,1,Yes
EMP0222,4.0,2,2,4.0,17,0,No
EMP0223,4.3,3,3,4.1,36,0,No
EMP0224,4.1,1,1,3.7,17,0,No
EMP0225,3.0,3,2,3.0,19,0,No
EMP0226,3.3,2,3,2.3,32,1,No
EMP0227,3.5,2,2,3.3,45,1,No
EMP0228,2.7,2,1,2.5,60,1,No
EMP0229,3.7,2,2,4.3,9,1,No
EMP0230,4.1,4,3,3.4,23,1,No
EMP0231,3.1,2,2,3.4,7,0,No
EMP0232,4.8,3,4,4.7,11,0,No
EMP0233,3.2,3,2,3.5,21,1,Yes
EMP0234,3.3,3,1,3.0,26,1,No
EMP0235,3.2,3,2,3.4,23,1,No
EMP0236,2.9,1,2,3.2,85,1,No
EMP0237,3.7,3,4,4.7,30,0,Yes
EMP0238,3.4,3,1,3.1,59,1,No
EMP0239,4.6,2,3,4.5,26,1,Yes
EMP0240,3.8,3,3,3.8,50,0,No
EMP0241,3.8,3,3,3.6,12,0,No
EMP0242,3.2,3,2,3.2,35,1,Yes
EMP0243,2.4,1,3,2.4,9,0,No
EMP0244,3.3,1,1,3.2,22,0,No
EMP0245,2.8,2,2,2.1,20,0,No
EMP0246,4.1,2,1,4.2,15,0,No
EMP0247,3.4,3,2,2.8,37,1,No
EMP0248,4.6,3,2,4.6,90,1,No
EMP0249,3.9,2,3,4.3,29,0,Yes
EMP0250,4.0,3,2,3.5,6,0,Yes
EMP0251,3.6,2,3,3.5,14,0,No
EMP0252,3.5,2,3,3.6,21,0,No
EMP0253,3.9,1,2,3.9,26,1,No
EMP0254,4.0,3,2,3.8,17,0,No
EMP0255,2.9,2,1,2.9,11,0,No
EMP0256,3.7,4,2,4.0,30,1,No
EMP0257,5.0,2,2,4.6,24,1,No
EMP0258,3.3,2,1,3.2,69,1,No
EMP0259,3.2,3,2,3.5,17,1,No
EMP0260,2.9,2,2,2.7,32,0,No
EMP0261,2.4,2,2,1.9,13,0,Yes
EMP0262,4.2,3,4,4.5,20,0,Yes
EMP0263,3.4,2,3,3.7,65,1,No
EMP0264,3.6,2,2,4.0,28,1,Yes
EMP0265,4.7,1,2,4.7,41,1,No
EMP0266,5.0,2,2,4.7,14,0,No
EMP0267,2.8,2,4,3.4,40,1,No
EMP0268,4.1,2,3,4.6,19,1,Yes
EMP0269,3.8,4,2,4.1,21,1,No
EMP0270,3.7,1,3,3.5,62,1,No
EMP0271,3.7,2,3,3.7,26,1,No
EMP0272,3.4,1,1,3.1,68,1,No
EMP0273,4.5,2,3,4.1,63,1,No
EMP0274,3.8,4,2,3.8,27,0,No
EMP0275,3.6,4,2,3.7,16,0,No
EMP0276,4.3,2,2,4.5,14,0,Yes
EMP0277,4.0,2,1,4.0,48,0,No
EMP0278,3.7,2,1,4.5,57,1,No
EMP0279,3.6,2,4,3.2,10,1,No
EMP0280,4.6,1,3,5.0,37,0,No
EMP0281,3.8,1,2,3.6,22,1,Yes
EMP0282,3.3,3,3,3.7,13,1,No
EMP0283,2.8,3,3,2.4,56,1,No
EMP0284,3.2,2,2,4.0,64,1,No
EMP0285,2.7,2,3,3.3,9,0,No
EMP0286,3.5,4,1,2.9,31,0,No
EMP0287,3.6,3,3,4.1,7,0,No
EMP0288,2.0,2,2,2.1,61,1,No
EMP0289,3.4,1,1,3.8,95,1,No
EMP0290,3.9,4,2,3.9,12,0,Yes
EMP0291,3.5,2,2,3.5,37,0,Yes
EMP0292,2.7,3,3,2.2,27,0,No
EMP0293,4.3,2,2,4.1,16,1,Yes
EMP0294,2.9,1,2,2.9,18,0,No
EMP0295,2.5,2,2,1.9,14,1,No
EMP0296,2.6,2,4,2.2,9,0,No
EMP0297,3.4,3,3,3.4,61,1,No
EMP0298,4.1,4,3,4.3,5,1,No
EMP0299,4.2,3,2,4.0,36,0,No
EMP0300,3.5,4,3,4.0,25,0,No
EMP0301,2.6,2,2,2.4,89,1,No
EMP0302,2.9,2,2,3.1,13,0,No
EMP0303,2.8,1,2,3.3,54,1,No
EMP0304,3.3,2,3,3.0,37,0,No
EMP0305,2.2,1,2,2.7,22,0,No
EMP0306,3.5,4,3,3.5,32,1,No
EMP0307,3.9,2,4,3.6,23,0,No
EMP0308,3.3,1,3,3.9,10,0,No
EMP0309,3.7,3,2,4.3,19,0,No
EMP0310,2.7,2,4,2.6,24,0,Yes
EMP0311,2.4,2,2,2.8,5,0,No
EMP0312,3.0,4,2,3.4,10,0,No
EMP0313,4.2,2,2,4.2,36,1,No
EMP0314,4.1,2,3,5.0,23,1,No
EMP0315,3.1,1,1,3.1,8,0,No
EMP0316,4.2,2,3,4.0,28,1,No
EMP0317,3.2,4,3,3.2,40,0,No
EMP0318,4.5,3,3,4.5,27,0,Yes
EMP0319,3.7,2,3,3.5,39,1,No
EMP0320,3.1,2,1,3.0,35,1,Yes
EMP0321,4.0,3,1,3.5,61,0,No
EMP0322,2.9,3,2,3.2,25,1,Yes
EMP0323,2.7,1,2,2.2,48,1,No
EMP0324,2.4,1,3,2.8,15,0,Yes
EMP0325,3.6,2,2,3.9,13,0,No
EMP0326,3.4,4,3,3.3,19,0,Yes
EMP0327,3.3,2,3,3.2,21,0,No
EMP0328,3.1,3,2,2.9,3,0,No
EMP0329,4.4,1,2,4.4,2,0,No
EMP0330,3.1,4,2,3.8,21,0,No
EMP0331,2.9,3,4,3.0,38,1,No
EMP0332,4.3,2,3,4.2,42,0,No
EMP0333,4.4,1,1,5.0,67,1,Yes
EMP0334,3.6,1,2,3.5,38,1,No
EMP0335,2.2,2,2,2.1,28,1,No
EMP0336,3.0,2,5,3.9,65,1,No
EMP0337,3.8,3,3,4.1,9,0,No
EMP0338,3.4,2,2,3.9,53,0,No
EMP0339,4.5,3,2,4.8,31,0,No
EMP0340,2.4,2,2,2.6,28,0,No
EMP0341,3.9,1,3,4.2,8,1,No
EMP0342,3.0,3,3,3.3,29,0,Yes
EMP0343,4.3,3,4,5.0,14,1,No
EMP0344,3.3,2,2,2.9,21,0,No
EMP0345,4.1,4,2,3.2,21,1,No
EMP0346,2.9,3,2,2.8,58,1,No
EMP0347,2.4,2,2,1.8,19,1,No
EMP0348,2.6,2,4,2.7,21,0,No
EMP0349,3.0,4,3,2.6,21,0,No
EMP0350,2.7,2,3,2.7,41,1,No
EMP0351,4.2,1,2,4.7,25,0,No
EMP0352,4.3,2,1,4.1,68,1,Yes
EMP0353,3.6,1,2,3.3,7,0,Yes
EMP0354,2.7,1,2,3.0,45,1,Yes
EMP0355,3.3,1,3,3.0,17,1,No
EMP0356,2.9,2,3,2.9,41,1,No
EMP0357,4.4,3,2,4.4,17,1,No
EMP0358,3.6,4,1,3.1,4,0,No
EMP0359,3.7,2,2,4.1,5,0,No
EMP0360,3.1,3,2,2.7,52,1,No
EMP0361,2.0,2,2,2.4,16,1,Yes
EMP0362,2.9,4,2,3.1,6,0,Yes
EMP0363,2.6,1,2,2.2,15,0,No
EMP0364,3.7,3,4,3.6,53,0,No
EMP0365,3.5,1,1,3.9,38,1,No
EMP0366,2.8,3,2,2.7,20,1,No
EMP0367,3.1,1,2,4.0,23,0,No
EMP0368,4.5,2,2,4.1,26,1,No
EMP0369,2.7,2,2,3.2,9,0,Yes
EMP0370,2.8,4,1,2.2,21,0,No
EMP0371,3.2,3,2,3.1,19,1,No
EMP0372,2.9,3,1,3.3,55,1,No
EMP0373,3.1,3,4,2.4,18,1,No
EMP0374,3.8,3,1,3.9,34,1,No
EMP0375,4.6,3,3,4.2,16,0,No
EMP0376,2.2,3,2,1.7,46,1,No
EMP0377,3.4,3,1,3.1,21,1,No
EMP0378,3.4,3,4,3.2,22,0,No
EMP0379,3.3,2,2,3.1,16,1,No
EMP0380,3.3,2,4,3.1,18,0,No
EMP0381,3.2,3,3,2.9,29,1,No
EMP0382,4.1,2,1,3.1,19,0,No
EMP0383,3.1,3,2,3.6,42,0,No
EMP0384,3.3,3,3,4.1,20,0,No
EMP0385,3.4,2,1,3.6,24,0,No
EMP0386,3.5,3,1,3.4,10,1,No
EMP0387,3.3,1,3,2.9,42,1,No
EMP0388,4.1,2,3,4.2,30,1,No
EMP0389,3.4,3,4,3.5,34,0,No
EMP0390,3.5,1,2,3.2,70,1,No
EMP0391,3.4,3,2,3.3,29,1,No
EMP0392,2.7,1,3,3.0,18,0,No
EMP0393,2.8,1,4,2.9,16,0,No
EMP0394,2.7,2,2,2.7,51,1,No
EMP0395,3.5,2,2,3.6,34,0,No
EMP0396,2.9,3,3,2.6,31,1,No
EMP0397,2.7,3,3,2.7,36,0,No
EMP0398,3.6,2,2,3.6,13,1,No
EMP0399,3.8,3,2,3.5,14,0,No
EMP0400,2.2,3,2,2.2,22,0,No
EMP0401,4.6,4,1,5.0,53,1,No
EMP0402,3.4,2,2,3.8,19,0,No
EMP0403,3.3,1,4,2.5,12,1,No
EMP0404,4.1,4,4,3.6,12,0,No
EMP0405,3.4,4,4,3.8,25,1,No
EMP0406,3.0,1,3,3.2,9,0,No
EMP0407,4.9,2,3,5.0,30,1,No
EMP0408,2.6,1,2,2.1,3,0,No
EMP0409,3.3,2,3,3.3,84,1,Yes
EMP0410,4.0,3,1,4.2,7,0,No
EMP0411,2.7,2,3,2.9,13,0,No
EMP0412,3.3,2,2,3.0,10,1,No
EMP0413,3.7,3,4,3.5,17,0,No
EMP0414,5.0,3,3,5.0,27,1,No
EMP0415,2.8,3,2,2.9,33,1,No
EMP0416,3.4,2,2,3.9,12,0,No
EMP0417,3.9,2,3,3.0,29,0,No
EMP0418,3.5,4,4,3.3,34,1,No
EMP0419,2.6,2,2,3.1,31,0,No
EMP0420,3.7,2,3,3.3,42,1,No
EMP0421,3.5,3,4,3.6,21,0,Yes
EMP0422,3.7,1,2,4.3,45,0,No
EMP0423,4.2,2,3,3.8,3,0,No
EMP0424,4.1,2,1,4.2,76,1,No
EMP0425,3.7,3,2,4.5,49,0,No
EMP0426,3.6,2,2,3.1,32,1,No
EMP0427,2.6,1,2,1.8,21,1,No
EMP0428,3.3,3,4,3.7,50,1,No
EMP0429,3.6,3,2,3.4,12,1,Yes
EMP0430,3.1,3,2,3.1,5,1,No
EMP0431,3.5,2,2,3.5,18,0,No
EMP0432,2.8,3,1,3.3,53,1,Yes
EMP0433,4.5,3,3,4.4,23,0,No
EMP0434,4.9,2,4,5.0,3,0,No
EMP0435,3.1,1,2,3.4,103,1,No
EMP0436,3.7,2,2,3.7,66,1,No
EMP0437,3.2,3,1,3.6,45,1,No
EMP0438,4.3,2,1,4.4,9,0,No
EMP0439,3.7,1,2,3.7,62,1,No
EMP0440,3.5,2,2,4.7,57,1,No
EMP0441,3.2,4,1,2.4,31,1,No
EMP0442,3.5,2,3,3.1,13,0,No
EMP0443,2.7,2,3,2.3,32,1,No
EMP0444,3.9,2,3,3.7,9,0,No
EMP0445,2.9,2,2,3.0,36,1,No
EMP0446,3.8,1,2,3.7,4,0,No
EMP0447,3.5,3,2,4.4,54,1,No
EMP0448,4.2,3,2,4.0,38,0,Yes
EMP0449,3.4,2,3,3.0,53,0,No
EMP0450,4.1,1,2,4.1,25,1,No
EMP0451,2.8,3,3,2.6,36,0,No
EMP0452,3.8,3,3,3.6,9,0,Yes
EMP0453,3.2,1,2,3.6,9,0,No
EMP0454,3.5,4,1,3.6,9,0,No
EMP0455,3.5,3,3,4.0,15,0,No
EMP0456,4.1,3,3,3.7,20,1,No
EMP0457,2.0,1,3,2.2,28,1,No
EMP0458,3.6,3,3,3.6,45,1,No
EMP0459,2.4,2,4,2.2,15,1,No
EMP0460,4.2,4,4,3.6,28,0,No
EMP0461,2.0,3,3,2.0,24,1,Yes
EMP0462,2.7,3,4,2.3,32,1,No
EMP0463,2.2,1,1,2.5,96,1,No
EMP0464,4.5,1,2,4.7,44,1,No
EMP0465,2.5,2,2,2.7,38,1,No
EMP0466,3.5,3,3,4.6,15,0,No
EMP0467,3.0,2,2,3.5,12,0,No
EMP0468,2.1,1,3,1.3,8,0,No
EMP0469,3.2,2,3,3.4,12,0,No
EMP0470,3.9,4,3,4.0,41,0,No
EMP0471,3.3,1,1,3.4,48,0,No
EMP0472,4.1,2,2,3.9,17,0,No
EMP0473,3.1,2,1,3.5,41,1,No
EMP0474,3.4,2,2,2.3,60,1,No
EMP0475,3.1,3,2,2.6,22,0,No
EMP0476,3.6,2,3,3.8,73,1,No
EMP0477,4.7,1,3,4.8,12,0,No
EMP0478,3.7,2,2,4.1,11,0,No
EMP0479,3.5,1,3,3.4,63,1,No
EMP0480,3.0,2,2,2.8,16,1,No
EMP0481,2.9,3,1,3.2,21,1,No
EMP0482,4.4,4,5,4.5,14,0,Yes
EMP0483,2.6,2,2,1.9,13,0,No
EMP0484,2.8,2,3,3.2,14,0,No
EMP0485,3.3,5,2,2.9,22,1,Yes
EMP0486,3.1,1,3,3.5,8,0,No
EMP0487,4.8,3,3,4.9,20,0,Yes
EMP0488,1.7,2,1,1.9,17,1,No
EMP0489,3.7,2,1,4.1,51,1,No
EMP0490,3.9,3,2,3.5,19,1,No
EMP0491,2.6,1,1,2.9,18,0,No
EMP0492,2.9,3,2,2.9,31,0,No
EMP0493,3.7,3,4,3.6,48,0,Yes
EMP0494,4.5,3,3,4.5,37,1,No
EMP0495,2.8,1,3,2.6,15,0,No
EMP0496,2.3,3,2,2.3,26,0,No
EMP0497,4.1,1,3,4.2,34,0,No
EMP0498,4.5,3,4,4.3,15,0,No
EMP0499,3.2,1,3,3.6,22,0,No
EMP0500,1.9,3,3,1.9,19,0,No
EMP0501,4.4,1,1,4.0,5,0,No
EMP0502,3.3,2,4,3.5,10,0,No
EMP0503,4.2,2,2,4.4,89,1,Yes
EMP0504,3.4,3,3,2.8,88,1,Yes
EMP0505,3.1,4,2,3.2,9,0,No
EMP0506,3.1,2,3,3.0,39,0,No
EMP0507,4.4,2,2,4.5,43,1,Yes
EMP0508,4.4,2,2,4.3,35,1,No
EMP0509,1.9,1,2,2.1,10,0,Yes
EMP0510,2.7,1,2,2.8,51,1,No
EMP0511,4.6,3,4,3.7,49,1,No
EMP0512,3.1,4,2,3.1,28,1,Yes
EMP0513,2.4,4,3,2.6,44,1,No
EMP0514,3.4,1,3,3.7,44,1,No
EMP0515,3.3,1,3,3.8,24,0,No
EMP0516,3.3,2,4,3.4,11,0,No
EMP0517,3.1,4,2,3.6,9,0,No
EMP0518,3.2,1,3,3.5,29,1,Yes
EMP0519,3.1,1,2,2.9,35,1,No
EMP0520,3.6,3,2,3.3,7,0,No
EMP0521,2.8,3,4,3.3,12,1,No
EMP0522,3.2,3,3,3.5,20,1,Yes
EMP0523,3.3,1,1,2.6,54,1,No
EMP0524,4.3,3,2,3.9,24,1,No
EMP0525,3.7,3,2,4.2,21,0,No
EMP0526,3.3,1,2,3.4,47,1,No
EMP0527,3.8,2,2,3.1,33,0,No
EMP0528,3.7,1,2,3.9,9,0,No
EMP0529,4.2,3,3,4.6,45,0,No
EMP0530,3.8,2,2,4.1,7,0,Yes
EMP0531,4.7,2,2,4.7,5,0,No
EMP0532,4.3,3,3,4.2,14,0,Yes
EMP0533,3.4,2,3,3.2,7,0,No
EMP0534,3.1,1,1,2.9,5,0,No
EMP0535,4.0,2,2,4.1,41,1,No
EMP0536,3.8,2,2,4.8,12,0,No
EMP0537,3.3,2,3,4.3,111,1,No
EMP0538,2.4,1,3,2.3,62,1,Yes
EMP0539,2.1,2,3,1.5,27,1,No
EMP0540,3.6,3,3,3.6,8,1,No
EMP0541,3.9,3,2,3.8,28,0,No
EMP0542,4.0,1,2,3.9,13,0,No
EMP0543,2.5,2,2,1.8,15,0,Yes
EMP0544,4.1,2,2,4.1,48,1,No
EMP0545,3.0,2,2,2.7,38,1,No
EMP0546,3.7,4,1,3.7,32,1,No
EMP0547,3.7,2,2,3.1,51,1,No
EMP0548,2.8,4,4,2.8,36,0,No
EMP0549,3.0,1,3,2.5,20,0,No
EMP0550,1.9,1,3,1.6,29,0,No
EMP0551,2.8,2,3,2.5,54,1,No
EMP0552,2.1,1,3,1.9,16,1,No
EMP0553,3.7,2,3,3.5,10,0,Yes
EMP0554,3.4,2,2,3.2,11,0,No
EMP0555,4.0,2,3,3.8,26,1,No
EMP0556,3.6,3,3,3.3,36,1,No
EMP0557,3.0,3,2,2.8,42,1,No
EMP0558,3.6,1,3,3.5,26,0,No
EMP0559,3.1,3,3,3.8,44,0,No
EMP0560,3.8,2,4,4.2,12,0,No
EMP0561,3.6,4,3,3.4,57,1,No
EMP0562,2.7,1,3,2.2,41,0,No
EMP0563,3.4,3,4,3.9,45,1,No
EMP0564,3.4,2,2,3.4,42,0,No
EMP0565,3.2,4,4,3.3,10,0,No
EMP0566,4.0,3,2,4.5,25,0,Yes
EMP0567,4.6,2,3,3.8,24,1,Yes
EMP0568,3.1,3,3,2.9,30,0,No
EMP0569,3.2,2,1,3.3,18,0,Yes
EMP0570,1.8,3,2,2.4,6,1,No
EMP0571,3.3,2,3,3.3,18,0,No
EMP0572,3.1,1,2,3.1,80,1,No
EMP0573,1.9,1,2,1.9,62,0,No
EMP0574,3.6,2,3,3.6,25,0,No
EMP0575,3.8,1,2,3.9,5,0,No
EMP0576,2.9,1,3,2.7,36,0,No
EMP0577,3.1,3,3,2.8,32,0,No
EMP0578,2.7,2,2,2.6,7,0,No
EMP0579,3.9,2,4,4.1,11,0,Yes
EMP0580,2.3,2,3,2.8,9,0,No
EMP0581,3.2,4,1,3.3,51,0,No
EMP0582,4.8,3,2,4.7,39,1,No
EMP0583,3.4,3,1,3.9,11,0,Yes
EMP0584,3.7,3,2,3.9,30,0,Yes
EMP0585,3.3,3,3,3.6,10,0,No
EMP0586,2.6,3,3,2.6,40,0,Yes
EMP0587,3.4,2,2,3.2,28,0,No
EMP0588,3.7,1,2,3.9,47,1,No
EMP0589,2.7,2,2,2.6,64,1,Yes
EMP0590,3.6,2,3,4.1,41,1,No
EMP0591,4.3,4,4,4.0,46,1,No
EMP0592,4.1,1,2,4.2,3,0,No
EMP0593,2.3,3,3,2.3,66,1,No
EMP0594,2.7,3,1,2.3,12,0,No
EMP0595,2.3,2,2,2.2,56,0,No
EMP0596,4.1,1,3,3.7,36,1,No
EMP0597,3.8,4,3,3.7,51,1,No
EMP0598,3.9,5,5,3.8,22,1,No
EMP0599,2.8,3,3,3.8,28,0,No
EMP0600,2.6,3,4,2.2,11,0,No
EMP0601,3.5,4,2,3.8,35,1,No
EMP0602,3.5,1,3,3.3,33,1,No
EMP0603,2.8,1,2,2.9,25,0,No
EMP0604,3.5,2,3,3.4,24,0,Yes
EMP0605,3.9,2,3,3.6,26,0,No
EMP0606,3.6,3,2,4.2,44,1,No
EMP0607,2.7,1,3,3.1,62,0,No
EMP0608,1.9,2,1,1.2,42,1,No
EMP0609,3.2,2,4,3.1,22,1,No
EMP0610,3.5,2,3,3.4,25,1,No
EMP0611,3.2,2,2,2.6,10,1,No
EMP0612,3.1,2,2,3.2,30,0,No
EMP0613,2.9,3,3,3.1,69,1,No
EMP0614,3.9,3,2,3.9,34,1,No
EMP0615,3.4,2,1,3.6,18,0,Yes
EMP0616,3.5,3,2,4.2,21,1,Yes
EMP0617,2.7,1,2,2.5,75,1,No
EMP0618,3.0,3,2,3.5,19,0,No
EMP0619,3.5,3,2,4.4,12,0,No
EMP0620,2.7,4,3,1.6,66,1,No
EMP0621,2.5,1,4,2.4,19,0,No
EMP0622,3.2,1,3,3.7,11,0,No
EMP0623,4.2,3,2,4.3,40,1,No
EMP0624,3.5,2,2,3.3,64,1,No
EMP0625,4.4,3,3,5.0,51,0,No
EMP0626,3.3,1,1,3.7,50,1,No
EMP0627,3.2,4,3,2.6,33,0,No
EMP0628,2.4,1,3,2.7,37,0,No
EMP0629,3.0,3,3,2.9,23,0,No
EMP0630,4.4,3,2,4.5,15,1,No
EMP0631,3.6,1,3,3.1,45,1,No
EMP0632,3.9,2,5,4.1,29,1,No
EMP0633,3.9,2,3,4.0,14,0,No
EMP0634,3.4,2,1,3.0,18,1,Yes
EMP0635,3.3,2,4,3.2,15,0,No
EMP0636,3.5,2,1,4.1,9,0,No
EMP0637,3.9,4,4,4.5,17,0,No
EMP0638,3.7,1,2,3.1,13,0,No
EMP0639,3.7,3,2,3.9,20,1,No
EMP0640,3.5,2,1,3.4,48,1,No
EMP0641,2.9,2,3,2.7,2,0,No
EMP0642,3.2,1,3,3.3,35,0,No
EMP0643,2.7,3,3,3.3,15,0,No
EMP0644,4.1,3,2,4.3,39,0,No
EMP0645,1.9,1,3,1.5,62,0,Yes
EMP0646,3.2,3,1,3.2,32,0,No
EMP0647,5.0,3,2,5.0,32,0,No
EMP0648,3.2,2,2,3.6,12,0,No
EMP0649,2.6,3,3,2.6,16,0,No
EMP0650,3.4,2,2,3.5,19,0,No
EMP0651,4.3,3,3,4.4,4,0,No
EMP0652,3.3,5,1,3.6,32,1,Yes
EMP0653,3.8,2,3,3.1,19,0,Yes
EMP0654,3.5,2,2,4.1,15,1,No
EMP0655,3.1,1,1,3.2,1,0,No
EMP0656,5.0,3,1,5.0,52,1,No
EMP0657,3.4,3,2,3.0,5,0,No
EMP0658,3.0,2,3,3.1,5,0,Yes
EMP0659,3.1,2,2,3.9,22,0,Yes
EMP0660,3.7,3,2,3.5,25,0,No
EMP0661,3.7,2,3,3.1,66,1,No
EMP0662,3.9,2,3,4.1,6,0,No
EMP0663,3.5,1,2,3.5,1,0,Yes
EMP0664,2.4,3,3,2.4,16,0,No
EMP0665,3.8,2,1,3.2,24,0,No
EMP0666,3.2,2,3,3.4,41,0,No
EMP0667,3.2,2,3,3.5,37,0,No
EMP0668,2.4,1,2,1.0,47,1,No
EMP0669,3.0,2,2,3.1,18,0,No
EMP0670,2.9,2,3,3.2,53,0,No
EMP0671,3.4,1,2,3.1,20,0,No
EMP0672,2.4,2,3,1.6,47,1,No
EMP0673,3.4,3,2,3.4,30,0,No
EMP0674,3.5,3,3,4.4,31,1,Yes
EMP0675,2.6,2,4,2.8,5,1,No
EMP0676,3.0,4,3,3.9,20,0,Yes
EMP0677,2.8,2,2,2.9,39,1,No
EMP0678,4.0,2,3,3.9,51,1,No
EMP0679,1.6,2,2,1.3,38,0,No
EMP0680,3.2,2,3,3.8,30,1,No
EMP0681,2.2,3,3,1.7,48,0,Yes
EMP0682,3.1,2,2,2.9,22,0,No
EMP0683,4.0,4,2,3.8,19,0,Yes
EMP0684,3.0,2,3,3.1,51,1,No
EMP0685,3.5,4,1,3.5,21,0,No
EMP0686,2.8,3,1,2.2,42,0,No
EMP0687,4.8,3,2,4.3,38,1,Yes
EMP0688,4.0,3,2,4.7,5,1,No
EMP0689,4.2,2,2,4.2,46,1,Yes
EMP0690,2.5,2,3,2.5,24,0,No
EMP0691,2.6,1,4,2.5,26,1,No
EMP0692,4.2,2,2,4.3,45,0,No
EMP0693,3.3,2,4,3.0,9,0,No
EMP0694,3.2,2,2,3.7,26,1,No
EMP0695,3.6,3,2,4.0,31,0,No
EMP0696,2.5,2,2,2.5,69,1,No
EMP0697,3.9,2,2,4.3,50,1,No
EMP0698,3.4,2,3,3.3,34,1,No
EMP0699,3.7,1,1,3.5,22,0,No
EMP0700,2.9,2,1,3.3,25,0,No
EMP0701,3.8,2,2,3.8,6,0,No
EMP0702,2.9,2,1,2.6,89,1,No
EMP0703,4.1,2,2,4.7,8,0,Yes
EMP0704,4.2,3,1,4.1,28,1,No
EMP0705,4.0,1,1,4.2,12,1,Yes
EMP0706,3.8,1,1,4.4,2,1,No
EMP0707,3.8,3,2,3.3,41,1,No
EMP0708,1.5,2,2,1.4,41,1,No
EMP0709,4.0,3,1,4.4,7,0,No
EMP0710,3.2,2,3,3.1,37,0,Yes
EMP0711,3.5,4,2,3.3,18,1,No
EMP0712,3.2,2,3,3.2,40,1,No
EMP0713,2.4,3,3,2.3,75,1,No
EMP0714,3.0,4,2,2.9,26,1,No
EMP0715,3.9,3,4,4.1,31,0,No
EMP0716,4.4,2,4,4.5,15,1,No
EMP0717,3.0,3,3,3.7,8,0,No
EMP0718,2.8,3,3,2.9,10,0,No
EMP0719,4.4,1,3,5.0,42,0,No
EMP0720,2.8,2,1,2.9,7,0,Yes
EMP0721,4.9,3,2,5.0,52,0,No
EMP0722,3.4,2,4,3.4,60,1,No
EMP0723,2.8,3,4,3.3,17,0,Yes
EMP0724,4.1,4,1,4.2,27,1,No
EMP0725,4.6,4,2,5.0,24,0,Yes
EMP0726,2.4,1,3,2.1,76,1,No
EMP0727,4.5,3,4,4.3,15,0,No
EMP0728,3.2,2,3,3.4,30,1,No
EMP0729,4.4,3,2,4.0,9,0,No
EMP0730,3.1,2,2,3.7,21,0,Yes
EMP0731,2.3,2,3,2.2,12,1,No
EMP0732,3.8,3,3,4.0,39,1,No
EMP0733,4.0,3,4,4.4,23,1,No
EMP0734,4.9,3,5,5.0,46,1,No
EMP0735,4.6,3,3,4.3,10,1,No
EMP0736,3.9,4,4,3.4,11,0,No
EMP0737,3.2,3,2,2.6,114,1,Yes
EMP0738,3.0,2,2,2.7,15,0,No
EMP0739,3.2,2,1,2.9,18,1,No
EMP0740,2.8,1,1,2.5,24,0,No
EMP0741,3.2,3,3,3.4,28,0,No
EMP0742,1.6,2,2,1.1,24,0,No
EMP0743,3.5,3,2,2.9,19,0,Yes
EMP0744,3.4,1,2,3.5,41,1,No
EMP0745,5.0,2,1,5.0,39,0,Yes
EMP0746,3.9,1,3,3.6,12,1,No
EMP0747,3.1,3,3,3.1,11,0,No
EMP0748,3.8,4,2,3.8,41,0,No
EMP0749,2.5,2,2,2.9,9,0,No
EMP0750,3.0,1,2,3.4,51,0,Yes
EMP0751,2.1,1,2,1.9,21,0,No
EMP0752,4.4,3,1,4.8,15,0,No
EMP0753,3.8,4,3,3.8,17,1,No
EMP0754,2.6,3,4,2.9,45,1,No
EMP0755,3.4,3,3,4.1,11,1,No
EMP0756,4.1,4,2,3.3,16,0,No
EMP0757,3.7,1,3,3.2,42,0,No
EMP0758,3.7,2,3,3.2,46,1,No
EMP0759,2.8,3,2,2.3,12,0,No
EMP0760,3.0,2,1,3.1,30,1,No
EMP0761,3.5,3,3,3.6,52,1,No
EMP0762,4.0,3,4,4.7,20,1,Yes
EMP0763,2.8,2,2,3.4,70,1,No
EMP0764,2.6,2,2,2.7,11,0,No
EMP0765,4.2,2,2,4.2,57,1,No
EMP0766,2.7,1,2,3.0,31,1,No
EMP0767,4.2,3,3,4.4,38,1,No
EMP0768,3.6,3,2,3.4,8,0,No
EMP0769,4.0,3,3,4.3,84,1,No
EMP0770,4.6,4,3,4.4,77,1,No
EMP0771,3.9,3,2,3.9,11,0,No
EMP0772,3.9,4,4,3.9,20,1,No
EMP0773,2.8,3,2,2.6,37,0,No
EMP0774,2.9,1,4,2.7,53,1,No
EMP0775,3.9,3,1,3.9,19,0,No
EMP0776,4.5,3,1,4.5,24,1,No
EMP0777,4.4,4,3,3.9,39,1,Yes
EMP0778,5.0,1,3,5.0,24,0,Yes
EMP0779,3.6,2,3,4.3,15,0,No
EMP0780,3.5,2,2,4.2,34,1,No
EMP0781,4.1,3,1,4.6,6,0,Yes
EMP0782,3.4,2,3,3.4,17,0,No
EMP0783,3.4,3,3,3.0,19,1,No
EMP0784,2.7,4,3,2.3,23,1,No
EMP0785,4.1,2,2,3.4,60,1,Yes
EMP0786,2.6,2,3,2.5,16,1,No
EMP0787,3.8,5,4,3.1,35,1,No
EMP0788,2.4,2,1,2.5,18,1,No
EMP0789,4.2,1,3,4.3,15,0,Yes
EMP0790,2.7,2,3,2.5,60,1,No
EMP0791,4.0,1,3,3.8,30,1,No
EMP0792,2.3,2,2,2.3,30,0,No
EMP0793,3.1,2,2,3.3,57,0,No
EMP0794,4.2,2,2,4.1,26,1,Yes
EMP0795,2.8,3,1,3.5,46,0,No
EMP0796,3.4,2,3,3.1,54,1,No
EMP0797,3.1,3,3,2.9,14,1,No
EMP0798,1.8,3,3,1.6,59,1,No
EMP0799,3.6,5,2,3.5,3,0,No
EMP0800,3.7,1,1,3.8,39,0,No
EMP0801,2.6,1,2,2.8,16,1,No
EMP0802,3.8,1,1,3.7,51,0,No
EMP0803,2.8,2,1,3.4,3,0,No
EMP0804,2.7,2,3,2.0,35,0,No
EMP0805,3.4,3,2,3.5,59,1,No
EMP0806,2.9,1,1,2.9,36,1,No
EMP0807,5.0,4,4,4.5,7,0,Yes
EMP0808,2.3,2,3,1.7,16,0,No
EMP0809,3.9,3,2,3.9,58,1,No
EMP0810,4.1,4,2,4.5,22,1,Yes
EMP0811,2.0,2,3,2.2,25,1,No
EMP0812,2.2,2,2,2.2,22,1,No
EMP0813,3.8,4,2,3.7,56,1,Yes
EMP0814,3.1,1,1,2.9,49,1,No
EMP0815,3.7,2,2,3.5,4,0,No
EMP0816,4.2,2,3,4.4,1,0,No
EMP0817,3.1,2,3,3.5,38,1,No
EMP0818,2.7,1,2,2.9,39,0,No
EMP0819,1.5,3,3,1.2,12,1,No
EMP0820,3.5,3,4,3.7,65,0,No
EMP0821,2.7,3,3,3.1,34,1,No
EMP0822,3.6,3,3,2.9,31,1,Yes
EMP0823,3.6,2,4,3.7,29,0,No
EMP0824,2.4,4,2,2.2,44,1,No
EMP0825,4.6,3,4,4.6,15,0,Yes
EMP0826,4.2,3,3,3.7,25,0,Yes
EMP0827,4.0,3,2,3.6,23,1,No
EMP0828,2.6,2,3,2.5,13,0,No
EMP0829,3.1,1,4,2.9,7,1,No
EMP0830,3.0,4,2,2.8,17,1,No
EMP0831,3.1,2,4,2.7,22,0,No
EMP0832,2.6,2,2,2.8,34,1,Yes
EMP0833,3.7,3,1,4.1,54,1,No
EMP0834,3.6,1,2,3.2,24,1,Yes
EMP0835,3.7,2,1,3.8,46,1,No
EMP0836,3.0,2,2,2.8,52,1,No
EMP0837,4.3,3,1,4.4,8,0,Yes
EMP0838,3.5,3,2,3.9,16,0,No
EMP0839,1.5,2,2,1.6,17,0,No
EMP0840,3.0,3,2,2.9,14,0,No
EMP0841,3.4,4,1,3.0,55,1,No
EMP0842,4.1,3,3,4.5,3,0,Yes
EMP0843,3.2,1,3,3.8,29,0,Yes
EMP0844,3.2,2,2,2.4,42,1,No
EMP0845,2.9,3,3,3.1,3,0,No
EMP0846,3.9,2,2,3.8,12,0,No
EMP0847,3.1,3,3,2.6,6,0,No
EMP0848,3.0,3,5,3.7,22,0,No
EMP0849,2.9,1,1,3.1,6,0,No
EMP0850,3.8,2,2,4.6,46,0,Yes
EMP0851,3.0,4,3,2.7,14,0,No
EMP0852,2.2,2,4,2.0,64,1,No
EMP0853,3.8,1,2,3.2,44,1,No
EMP0854,2.9,1,3,2.9,5,0,No
EMP0855,3.6,1,4,2.9,34,1,No
EMP0856,3.7,2,2,3.6,19,0,No
EMP0857,4.2,2,1,4.6,45,1,No
EMP0858,4.1,2,2,4.3,28,0,No
EMP0859,3.0,3,2,3.4,9,0,No
EMP0860,3.3,2,2,3.3,48,1,No
EMP0861,2.5,3,3,2.8,72,1,Yes
EMP0862,4.6,2,3,4.5,15,1,Yes
EMP0863,3.7,2,2,3.2,23,0,No
EMP0864,4.4,4,2,4.6,67,1,Yes
EMP0865,3.2,2,1,3.2,14,0,No
EMP0866,2.0,1,2,1.7,19,0,No
EMP0867,4.5,2,4,4.1,53,0,Yes
EMP0868,3.5,3,3,4.0,18,0,Yes
EMP0869,3.5,2,3,2.8,54,1,No
EMP0870,3.4,2,3,3.1,17,0,Yes
EMP0871,3.9,1,2,4.0,28,1,No
EMP0872,3.8,2,3,4.0,30,1,No
EMP0873,2.3,3,2,2.4,21,1,No
EMP0874,4.2,3,1,3.6,33,0,No
EMP0875,3.0,4,3,3.4,12,0,No
EMP0876,3.1,2,3,3.0,27,1,Yes
EMP0877,4.6,2,1,4.0,20,0,No
EMP0878,4.0,3,3,4.4,34,0,No
EMP0879,3.2,2,2,3.1,22,0,No
EMP0880,2.1,2,3,1.4,23,0,Yes
EMP0881,3.5,2,2,2.5,35,1,No
EMP0882,3.8,3,2,3.7,12,1,No
EMP0883,3.3,4,4,3.0,32,0,Yes
EMP0884,2.5,1,4,2.6,38,1,No
EMP0885,2.8,2,3,2.8,28,0,No
EMP0886,2.5,2,3,2.2,27,0,No
EMP0887,3.6,4,3,3.8,33,1,No
EMP0888,4.0,2,2,4.1,47,1,No
EMP0889,4.1,1,2,3.7,63,1,No
EMP0890,2.9,2,2,3.2,32,0,No
EMP0891,3.6,1,2,3.7,17,1,No
EMP0892,3.8,2,2,3.7,18,0,Yes
EMP0893,3.0,2,3,3.1,13,1,No
EMP0894,3.3,3,2,3.0,17,0,No
EMP0895,4.9,3,1,4.6,10,0,No
EMP0896,3.5,4,1,3.4,11,1,No
EMP0897,4.0,2,1,3.6,48,1,No
EMP0898,3.1,2,3,3.7,28,0,No
EMP0899,3.4,3,2,3.5,8,0,No
EMP0900,2.2,2,2,2.5,17,1,No
EMP0901,3.4,1,1,4.1,28,1,No
EMP0902,4.2,2,4,4.7,7,0,Yes
EMP0903,4.9,4,3,5.0,18,0,No
EMP0904,4.2,1,2,3.9,24,1,No
EMP0905,3.9,3,1,4.5,45,0,No
EMP0906,3.4,3,2,3.2,18,1,No
EMP0907,3.0,2,3,2.9,8,0,No
EMP0908,3.3,2,3,3.4,32,0,No
EMP0909,3.8,3,3,3.8,11,0,No
EMP0910,2.9,4,4,2.9,55,0,No
EMP0911,4.1,3,1,4.2,22,1,Yes
EMP0912,2.7,1,2,3.3,20,1,No
EMP0913,2.2,3,4,1.3,25,0,No
EMP0914,2.7,2,2,2.1,22,1,Yes
EMP0915,2.2,2,3,1.7,42,0,Yes
EMP0916,2.4,2,3,2.5,13,0,No
EMP0917,4.2,2,1,4.2,26,0,No
EMP0918,3.3,2,1,3.4,16,1,Yes
EMP0919,3.6,2,5,4.3,17,0,No
EMP0920,4.2,4,3,4.2,33,1,No
EMP0921,4.3,4,1,3.7,2,0,No
EMP0922,3.0,3,3,3.2,71,1,No
EMP0923,4.3,2,2,5.0,47,0,No
EMP0924,3.7,3,3,4.5,34,0,No
EMP0925,3.4,2,2,3.4,18,0,No
EMP0926,3.7,3,2,3.8,17,1,Yes
EMP0927,2.4,1,3,2.5,13,0,No
EMP0928,2.8,2,3,3.0,28,1,No
EMP0929,3.3,1,2,3.2,33,0,No
EMP0930,3.8,2,2,3.6,23,0,Yes
EMP0931,3.1,3,2,3.7,18,0,No
EMP0932,3.3,3,3,3.9,40,1,No
EMP0933,4.1,4,3,4.1,36,1,No
EMP0934,4.4,2,2,4.2,18,0,No
EMP0935,3.9,2,2,3.7,53,1,No
EMP0936,4.3,3,3,3.9,70,1,No
EMP0937,3.1,1,3,2.6,21,0,No
EMP0938,3.2,3,2,3.1,51,1,No
EMP0939,3.6,5,2,3.3,27,1,No
EMP0940,3.2,3,2,3.3,56,1,No
EMP0941,3.0,2,3,2.8,31,1,No
EMP0942,4.6,2,2,4.2,23,1,Yes
EMP0943,3.3,3,3,3.1,31,1,No
EMP0944,2.7,4,3,1.7,53,1,No
EMP0945,3.7,1,1,3.8,22,0,No
EMP0946,4.7,3,2,4.6,34,1,No
EMP0947,3.5,1,3,4.0,39,1,No
EMP0948,4.3,1,1,4.1,17,0,No
EMP0949,3.1,3,4,3.0,10,0,Yes
EMP0950,3.1,3,1,2.7,42,1,No
EMP0951,2.9,3,2,3.7,14,0,No
EMP0952,3.3,3,1,3.4,48,0,No
EMP0953,4.7,2,3,5.0,16,0,No
EMP0954,2.6,2,3,2.5,38,1,No
EMP0955,4.5,1,3,4.7,93,0,No
EMP0956,2.7,3,4,2.3,35,1,No
EMP0957,3.2,2,4,3.0,22,1,No
EMP0958,4.0,3,3,3.9,3,0,Yes
EMP0959,3.8,3,2,3.5,33,0,No
EMP0960,3.6,3,2,3.9,53,1,No
EMP0961,2.2,2,2,2.5,17,1,No
EMP0962,3.7,2,3,4.2,22,0,No
EMP0963,2.7,3,3,2.3,18,0,No
EMP0964,5.0,3,2,4.8,40,1,Yes
EMP0965,3.3,1,1,3.3,26,1,Yes
EMP0966,3.5,3,4,3.7,50,1,No
EMP0967,2.6,2,3,2.1,54,1,Yes
EMP0968,3.1,1,2,3.0,24,1,No
EMP0969,2.5,3,3,2.9,14,0,Yes
EMP0970,4.1,1,3,4.1,13,0,No
EMP0971,3.2,3,4,3.2,35,0,No
EMP0972,3.8,4,2,3.4,7,1,No
EMP0973,2.9,3,3,2.8,35,1,No
EMP0974,3.0,1,2,3.3,19,0,No
EMP0975,4.3,1,2,4.7,11,0,No
EMP0976,2.7,2,2,2.0,34,0,No
EMP0977,2.1,2,2,2.2,45,1,No
EMP0978,3.7,1,3,3.5,15,0,No
EMP0979,2.6,3,2,2.2,22,0,Yes
EMP0980,3.1,3,2,3.8,34,0,No
EMP0981,4.0,1,3,4.2,22,0,Yes
EMP0982,2.8,2,3,2.4,45,1,No
EMP0983,4.0,5,3,3.6,2,0,No
EMP0984,2.9,2,4,3.0,31,0,No
EMP0985,4.4,2,2,3.8,22,1,Yes
EMP0986,4.3,2,2,4.2,56,0,No
EMP0987,3.1,4,1,3.3,39,1,No
EMP0988,3.3,3,1,2.8,9,0,No
EMP0989,2.8,1,3,2.9,19,0,No
EMP0990,3.5,3,3,3.7,4,0,No
EMP0991,4.2,2,4,3.9,31,1,No
EMP0992,2.4,1,3,2.5,19,0,No
EMP0993,4.0,5,1,4.2,33,1,No
EMP0994,2.5,2,2,2.6,36,1,No
EMP0995,2.8,1,3,2.5,33,1,No
EMP0996,2.1,3,3,2.4,18,0,No
EMP0997,4.9,3,2,4.8,29,1,No
EMP0998,3.4,2,2,3.5,26,1,No
EMP0999,3.6,3,2,3.6,15,0,Yes
EMP1000,2.9,1,2,2.9,35,1,No
EMP1001,4.1,4,1,3.3,5,1,Yes
EMP1002,1.9,3,3,2.3,32,1,No
EMP1003,3.4,2,3,3.6,14,0,No
EMP1004,4.9,1,3,4.9,22,1,No
EMP1005,3.1,3,2,3.3,37,0,No
EMP1006,3.4,2,2,3.2,34,0,No
EMP1007,3.9,3,3,3.8,21,1,No
EMP1008,2.8,3,2,3.0,26,0,No
EMP1009,3.4,3,3,2.5,37,1,No
EMP1010,4.1,4,3,3.8,16,0,Yes
EMP1011,3.5,2,2,3.2,22,0,No
EMP1012,3.7,2,1,3.6,67,1,No
EMP1013,3.2,2,3,3.0,29,0,No
EMP1014,3.6,4,3,3.3,20,0,No
EMP1015,3.4,2,4,3.5,7,0,No
EMP1016,4.4,3,2,4.7,30,0,No
EMP1017,3.9,3,3,4.1,39,0,No
EMP1018,3.2,3,3,3.6,17,0,No
EMP1019,1.7,2,2,1.9,18,1,No
EMP1020,3.9,2,2,4.4,49,1,No
EMP1021,3.9,3,3,4.5,97,1,No
EMP1022,2.8,3,2,2.6,35,0,No
EMP1023,2.0,1,2,1.7,52,1,No
EMP1024,2.6,2,3,2.3,33,1,No
EMP1025,4.0,4,3,3.8,27,0,No
EMP1026,2.7,1,2,3.0,39,0,No
EMP1027,3.1,2,3,3.3,16,1,No
EMP1028,3.6,3,2,3.7,12,0,No
EMP1029,4.3,4,2,4.0,84,1,Yes
EMP1030,3.4,3,4,3.2,22,0,No
EMP1031,3.3,3,5,3.2,27,0,No
EMP1032,3.0,1,2,3.1,15,0,Yes
EMP1033,4.5,3,3,3.3,37,1,No
EMP1034,4.1,3,2,4.2,66,0,No
EMP1035,3.3,2,3,3.5,67,1,No
EMP1036,2.4,3,3,2.1,55,1,No
EMP1037,2.8,3,4,3.3,20,0,No
EMP1038,3.8,3,3,4.1,24,0,No
EMP1039,2.9,1,2,3.1,31,1,Yes
EMP1040,4.0,3,3,3.4,66,1,No
EMP1041,3.7,2,1,4.0,28,0,Yes
EMP1042,3.6,2,1,3.6,18,1,Yes
EMP1043,3.9,1,2,4.0,90,1,Yes
EMP1044,3.7,3,4,2.8,47,0,No
EMP1045,2.8,2,2,2.2,7,1,Yes
EMP1046,3.2,2,2,3.1,5,0,Yes
EMP1047,5.0,4,3,4.5,62,0,No
EMP1048,2.6,1,2,3.1,26,0,No
EMP1049,3.1,4,4,2.6,60,1,No
EMP1050,4.1,2,1,4.4,9,1,No
EMP1051,3.3,3,3,3.4,55,1,No
EMP1052,2.8,2,3,3.9,59,1,No
EMP1053,2.5,2,3,2.5,42,0,No
EMP1054,3.8,2,2,4.4,43,0,No
EMP1055,4.1,3,2,3.9,57,1,Yes
EMP1056,4.4,2,2,3.9,9,0,No
EMP1057,3.4,2,1,3.5,37,0,No
EMP1058,4.1,2,3,4.6,58,1,No
EMP1059,2.7,3,1,2.5,19,0,No
EMP1060,3.5,1,2,3.9,43,1,No
EMP1061,2.9,3,4,3.1,41,1,No
EMP1062,3.5,2,1,3.5,48,0,No
EMP1063,3.9,2,2,4.0,36,1,No
EMP1064,4.1,3,3,4.1,35,0,No
EMP1065,2.7,4,2,2.4,48,1,No
EMP1066,4.3,3,2,4.3,22,1,No
EMP1067,3.1,1,1,3.2,51,1,No
EMP1068,2.7,1,2,2.4,14,1,No
EMP1069,3.3,2,4,2.3,43,0,No
EMP1070,2.4,2,1,2.6,36,1,No
EMP1071,3.4,2,2,3.1,4,0,No
EMP1072,3.6,2,2,3.8,33,0,No
EMP1073,3.3,1,2,3.0,27,0,Yes
EMP1074,3.8,4,1,3.9,25,0,No
EMP1075,3.2,2,2,3.1,46,1,No
EMP1076,3.4,2,4,3.3,25,0,No
EMP1077,2.4,2,1,2.4,59,1,No
EMP1078,3.4,2,1,3.5,21,0,No
EMP1079,2.8,3,2,2.1,24,0,No
EMP1080,3.1,3,2,3.6,16,0,No
EMP1081,3.3,2,4,3.7,93,1,Yes
EMP1082,3.5,2,1,3.6,32,1,No
EMP1083,2.2,2,3,1.5,11,0,No
EMP1084,2.3,1,3,2.6,28,1,No
EMP1085,3.2,3,2,3.2,28,1,No
EMP1086,3.7,1,2,4.3,18,0,No
EMP1087,3.7,1,2,3.5,29,0,No
EMP1088,4.0,2,1,3.9,30,1,No
EMP1089,4.3,2,2,4.7,10,0,No
EMP1090,3.7,1,2,2.8,56,1,No
EMP1091,3.4,1,3,3.2,27,0,No
EMP1092,2.7,2,3,2.6,38,0,Yes
EMP1093,2.7,4,3,1.8,26,0,No
EMP1094,3.1,2,3,2.7,23,0,No
EMP1095,3.6,1,2,3.7,46,0,No
EMP1096,3.6,4,2,3.7,28,0,No
EMP1097,3.4,2,3,4.0,4,1,No
EMP1098,3.3,2,3,3.7,26,0,No
EMP1099,3.8,1,2,3.3,78,1,No
EMP1100,3.5,2,3,3.8,48,1,No
EMP1101,3.6,3,3,3.7,77,1,No
EMP1102,3.6,2,2,3.6,15,1,No
EMP1103,3.0,1,1,2.5,30,0,No
EMP1104,2.7,2,3,3.4,17,0,No
EMP1105,3.7,2,1,4.4,42,1,No
EMP1106,3.7,2,2,3.8,28,0,Yes
EMP1107,3.2,2,2,2.9,37,1,No
EMP1108,3.1,3,3,2.6,17,0,No
EMP1109,5.0,2,1,4.5,12,0,No
EMP1110,2.9,2,3,3.2,37,0,No
EMP1111,3.2,1,3,2.5,14,1,No
EMP1112,3.6,2,4,4.0,32,1,No
EMP1113,2.6,2,2,2.5,53,1,Yes
EMP1114,3.5,1,2,3.6,32,0,Yes
EMP1115,4.7,3,2,5.0,74,1,No
EMP1116,4.1,2,3,5.0,49,0,No
EMP1117,3.8,2,3,4.1,25,0,No
EMP1118,3.8,1,2,3.7,20,0,No
EMP1119,3.5,2,2,3.6,37,0,No
EMP1120,4.1,2,1,4.1,39,1,No
EMP1121,3.3,2,3,3.3,16,1,No
EMP1122,3.1,1,3,3.1,26,0,No
EMP1123,3.5,1,2,3.1,21,0,No
EMP1124,4.0,1,2,4.1,8,0,No
EMP1125,3.6,2,3,3.1,24,1,No
EMP1126,3.9,3,2,4.3,41,0,No
EMP1127,2.0,2,4,1.8,10,0,No
EMP1128,4.2,1,1,3.7,27,1,No
EMP1129,5.0,4,2,5.0,12,0,No
EMP1130,4.3,5,3,4.6,10,0,No
EMP1131,3.2,1,3,3.2,43,1,Yes
EMP1132,2.8,2,2,2.2,7,0,Yes
EMP1133,3.6,3,2,3.1,28,1,No
EMP1134,2.7,2,2,2.9,58,1,No
EMP1135,3.9,1,2,4.8,19,0,No
EMP1136,3.0,2,2,3.1,14,1,No
EMP1137,4.1,2,2,4.2,93,1,Yes
EMP1138,4.4,1,2,4.6,60,1,No
EMP1139,2.0,1,3,1.7,15,1,Yes
EMP1140,3.6,3,3,4.0,3,0,No
EMP1141,2.9,1,2,2.6,36,0,No
EMP1142,2.4,3,3,2.4,10,0,No
EMP1143,3.0,3,3,2.7,92,1,No
EMP1144,3.2,1,3,2.7,9,1,No
EMP1145,4.1,3,2,3.8,7,0,No
EMP1146,2.3,1,2,1.9,11,0,No
EMP1147,4.1,4,3,3.9,23,1,No
EMP1148,4.8,3,2,5.0,32,1,No
EMP1149,3.8,1,2,3.9,22,0,No
EMP1150,3.8,3,2,3.6,48,0,No
EMP1151,3.4,2,3,3.6,5,0,No
EMP1152,2.6,2,1,2.4,45,0,No
EMP1153,3.8,2,2,4.2,46,1,Yes
EMP1154,3.7,5,2,4.0,35,1,No
EMP1155,3.9,2,3,3.8,22,0,No
EMP1156,5.0,2,2,5.0,17,0,No
EMP1157,3.9,3,3,3.9,39,0,Yes
EMP1158,3.7,2,2,3.3,35,1,No
EMP1159,4.5,1,3,4.0,24,1,No
EMP1160,2.5,1,3,2.4,31,1,No
EMP1161,2.6,2,3,2.2,15,1,No
EMP1162,3.1,3,2,3.1,8,0,No
EMP1163,2.9,2,3,3.2,13,0,No
EMP1164,3.9,2,4,3.8,15,1,No
EMP1165,3.2,2,2,3.4,27,1,No
EMP1166,4.6,4,2,5.0,53,1,No
EMP1167,4.5,3,1,4.3,17,1,Yes
EMP1168,3.9,3,3,4.5,34,1,No
EMP1169,3.1,3,2,2.8,36,0,No
EMP1170,3.8,3,3,3.4,21,0,No
EMP1171,4.0,3,5,4.1,10,0,No
EMP1172,2.7,4,4,2.6,8,0,Yes
EMP1173,3.6,3,3,3.0,38,1,No
EMP1174,3.9,1,1,4.4,77,1,No
EMP1175,3.6,3,2,3.9,36,1,Yes
EMP1176,4.5,2,1,4.1,15,1,Yes
EMP1177,4.2,2,1,4.1,10,0,No
EMP1178,2.8,3,2,2.8,26,1,No
EMP1179,3.5,3,3,3.0,40,1,Yes
EMP1180,2.8,2,3,2.9,31,0,No
EMP1181,3.8,4,3,3.3,79,1,No
EMP1182,2.8,3,3,2.1,77,1,No
EMP1183,4.0,3,3,4.6,9,0,No
EMP1184,3.7,1,3,3.5,68,1,Yes
EMP1185,4.1,2,2,3.8,43,1,No
EMP1186,3.3,2,4,3.2,16,0,No
EMP1187,2.4,2,3,2.1,43,0,No
EMP1188,4.6,3,3,5.0,60,1,No
EMP1189,3.3,1,1,3.5,3,0,No
EMP1190,4.4,3,4,4.7,7,1,Yes
EMP1191,3.7,2,2,4.0,27,0,No
EMP1192,3.9,2,2,4.7,38,0,No
EMP1193,4.7,2,1,3.8,31,0,Yes
EMP1194,3.6,4,3,3.9,33,0,No
EMP1195,4.4,1,2,4.5,39,1,No
EMP1196,2.4,2,3,2.4,27,1,No
EMP1197,4.0,1,1,4.5,32,0,No
EMP1198,3.2,5,2,3.4,30,1,No
EMP1199,3.3,1,2,2.6,79,1,No
EMP1200,3.4,3,3,3.5,91,1,No
EMP1201,3.6,1,2,3.5,36,1,No
EMP1202,4.6,2,3,5.0,14,1,Yes
EMP1203,2.1,1,4,1.3,17,1,No
EMP1204,3.4,3,2,3.7,14,0,No
EMP1205,2.9,2,4,3.0,23,0,Yes
EMP1206,4.2,2,2,4.5,19,1,No
EMP1207,3.1,2,2,3.3,18,0,No
EMP1208,3.7,4,2,2.9,53,1,No
EMP1209,3.1,1,1,3.4,17,1,No
EMP1210,3.9,2,1,3.9,40,0,No
EMP1211,4.1,1,2,3.8,35,1,No
EMP1212,3.1,3,3,3.5,16,0,No
EMP1213,3.4,2,3,3.4,21,0,Yes
EMP1214,2.4,2,2,3.0,7,0,No
EMP1215,3.6,2,3,4.0,17,1,No
EMP1216,4.0,2,2,3.6,15,1,No
EMP1217,3.0,2,3,3.3,32,1,No
EMP1218,4.2,2,1,4.2,9,0,No
EMP1219,1.9,2,2,1.9,25,0,No
EMP1220,2.1,1,1,2.0,22,0,No
EMP1221,2.4,4,1,2.8,10,0,Yes
EMP1222,3.1,2,3,2.8,1,0,No
EMP1223,3.4,2,2,3.6,10,1,No
EMP1224,3.3,1,2,2.7,18,0,No
EMP1225,3.4,1,1,3.5,14,0,No
EMP1226,3.9,2,3,3.4,26,0,No
EMP1227,3.1,3,4,2.6,35,0,No
EMP1228,2.5,2,5,2.5,12,0,No
EMP1229,2.5,2,1,2.1,65,1,No
EMP1230,4.9,1,2,5.0,25,0,No
EMP1231,1.8,3,4,1.4,18,0,No
EMP1232,3.3,2,3,3.9,83,1,No
EMP1233,4.4,3,2,4.7,24,0,No
EMP1234,3.7,2,3,3.7,33,1,No
EMP1235,2.8,3,1,3.0,16,1,No
EMP1236,3.4,1,3,3.5,40,1,Yes
EMP1237,4.0,2,3,4.9,17,0,No
EMP1238,4.2,3,3,4.4,26,0,No
EMP1239,2.8,3,2,2.6,17,1,No
EMP1240,3.9,3,3,4.1,17,0,No
EMP1241,3.6,3,2,3.5,12,0,No
EMP1242,4.2,3,4,4.2,13,1,Yes
EMP1243,4.4,3,4,4.2,48,1,No
EMP1244,3.2,3,2,3.0,12,0,No
EMP1245,2.4,2,4,2.7,14,0,No
EMP1246,3.7,3,1,3.7,6,0,No
EMP1247,4.6,3,3,4.9,4,0,Yes
EMP1248,3.9,2,2,3.8,16,1,No
EMP1249,3.6,3,3,3.6,16,0,No
EMP1250,5.0,2,2,4.8,13,0,No
EMP1251,2.7,2,2,3.2,29,0,Yes
EMP1252,4.0,2,2,4.6,54,0,No
EMP1253,3.0,2,1,3.0,18,0,No
EMP1254,3.4,1,2,3.8,11,0,No
EMP1255,3.5,3,3,2.9,18,0,No
EMP1256,4.5,3,2,4.0,37,1,No
EMP1257,2.7,2,4,3.0,20,0,No
EMP1258,3.0,2,5,2.3,7,0,No
EMP1259,2.3,1,4,3.4,3,0,No
EMP1260,3.7,1,1,4.1,31,0,No
EMP1261,3.1,2,1,3.8,32,0,No
EMP1262,3.7,2,3,3.7,10,0,No
EMP1263,2.6,1,2,2.1,32,0,No
EMP1264,3.1,3,2,2.8,44,1,No
EMP1265,4.1,3,2,3.8,22,0,No
EMP1266,3.3,4,2,3.6,20,0,No
EMP1267,3.8,1,3,3.4,69,1,No
EMP1268,3.8,3,1,3.5,66,1,No
EMP1269,3.2,4,2,3.8,81,1,Yes
EMP1270,2.3,3,5,1.8,23,0,No
EMP1271,4.1,2,2,3.9,52,0,No
EMP1272,3.5,3,1,4.0,28,0,Yes
EMP1273,4.1,4,2,5.0,67,1,No
EMP1274,2.0,3,4,1.4,9,0,No
EMP1275,2.2,1,1,1.3,30,0,No
EMP1276,1.9,3,1,1.6,2,0,No
EMP1277,2.8,2,3,2.9,16,0,Yes
EMP1278,4.1,3,3,4.1,43,0,No
EMP1279,3.8,1,3,3.6,1,0,No
EMP1280,3.4,3,4,2.9,17,0,No
EMP1281,3.5,1,4,3.8,4,0,No
EMP1282,3.9,3,2,3.7,6,0,No
EMP1283,3.2,3,2,2.9,17,0,No
EMP1284,3.7,1,2,3.7,27,0,No
EMP1285,3.5,3,3,4.1,16,1,Yes
EMP1286,1.9,2,1,2.0,15,0,No
EMP1287,3.1,2,2,4.1,68,1,No
EMP1288,4.4,2,2,4.3,15,0,No
EMP1289,3.1,3,2,3.4,35,1,No
EMP1290,3.3,2,2,2.5,59,1,No
EMP1291,3.0,2,2,2.8,22,0,No
EMP1292,3.1,2,2,3.1,40,1,No
EMP1293,4.2,3,1,3.9,83,1,No
EMP1294,3.2,1,2,2.9,38,0,No
EMP1295,2.7,4,2,2.5,21,0,No
EMP1296,1.2,1,3,1.0,98,1,No
EMP1297,3.0,1,2,2.8,4,1,No
EMP1298,2.0,1,1,2.0,32,1,No
EMP1299,2.1,3,3,2.3,41,1,No
EMP1300,4.0,3,3,3.6,13,0,Yes
EMP1301,3.9,1,2,3.8,43,0,No
EMP1302,2.1,2,3,1.8,29,1,No
EMP1303,4.0,1,3,4.4,16,1,No
EMP1304,3.7,1,1,4.4,1,1,No
EMP1305,2.9,3,3,3.0,55,0,No
EMP1306,3.9,1,3,4.1,70,1,No
EMP1307,2.3,2,3,2.2,26,1,No
EMP1308,2.6,4,3,2.8,37,1,No
EMP1309,2.4,2,2,2.3,36,1,No
EMP1310,2.6,1,2,2.1,28,1,No
EMP1311,4.0,2,3,4.5,16,0,No
EMP1312,2.5,3,4,3.4,21,0,Yes
EMP1313,2.6,3,1,2.9,52,0,No
EMP1314,2.7,4,3,2.7,43,0,No
EMP1315,3.5,2,1,3.7,63,1,No
EMP1316,3.2,2,4,3.9,12,1,No
EMP1317,4.0,3,3,3.8,43,0,No
EMP1318,2.9,3,4,3.2,36,0,No
EMP1319,2.5,2,2,2.6,94,1,Yes
EMP1320,3.0,3,3,2.1,31,0,No
EMP1321,3.4,2,3,3.3,97,1,No
EMP1322,2.7,3,3,2.9,30,0,No
EMP1323,3.6,2,4,3.8,15,0,No
EMP1324,4.7,4,3,4.7,49,1,No
EMP1325,3.0,2,1,2.5,22,0,No
EMP1326,3.4,2,2,3.5,12,1,Yes
EMP1327,4.3,1,3,4.4,18,0,Yes
EMP1328,2.9,1,4,3.1,15,0,No
EMP1329,2.8,2,2,3.5,15,0,No
EMP1330,2.6,2,3,2.6,23,0,No
EMP1331,3.7,3,1,4.2,18,0,No
EMP1332,3.8,3,2,4.0,52,1,Yes
EMP1333,3.3,1,1,4.4,13,1,No
EMP1334,3.4,3,1,3.6,18,1,No
EMP1335,4.3,2,3,5.0,6,0,No
EMP1336,4.0,4,1,3.6,41,0,No
EMP1337,2.4,2,2,1.9,17,0,No
EMP1338,3.4,1,2,3.6,6,1,No
EMP1339,3.5,2,3,3.5,6,1,No
EMP1340,3.9,2,2,4.5,10,0,No
EMP1341,3.2,2,3,3.6,2,0,No
EMP1342,2.9,1,2,3.3,49,0,No
EMP1343,3.1,2,2,2.8,59,1,Yes
EMP1344,2.1,3,2,2.1,34,0,Yes
EMP1345,3.4,1,3,3.8,44,1,No
EMP1346,3.0,1,4,2.8,34,0,No
EMP1347,3.7,4,2,3.7,46,1,No
EMP1348,2.7,2,1,3.2,31,0,No
EMP1349,3.1,2,2,3.1,31,0,Yes
EMP1350,2.7,4,3,2.8,26,1,No
EMP1351,2.6,2,3,3.1,29,1,No
EMP1352,3.9,2,3,4.1,23,1,No
EMP1353,3.1,2,2,2.6,73,1,Yes
EMP1354,3.7,4,1,3.8,28,1,No
EMP1355,2.6,3,2,2.6,64,1,Yes
EMP1356,3.4,3,2,3.6,67,1,No
EMP1357,2.2,3,2,3.2,17,0,No
EMP1358,3.0,3,2,3.5,10,1,No
EMP1359,3.0,1,1,3.1,10,0,No
EMP1360,3.8,1,3,3.6,29,0,No
EMP1361,3.5,1,1,3.9,23,0,Yes
EMP1362,3.2,2,2,3.3,13,1,No
EMP1363,4.0,3,2,4.6,11,1,No
EMP1364,3.5,5,2,3.7,16,0,No
EMP1365,3.7,2,2,4.1,17,1,No
EMP1366,3.9,3,3,3.6,45,1,Yes
EMP1367,3.3,2,3,3.3,8,0,No
EMP1368,3.2,3,5,3.3,7,0,No
EMP1369,3.6,1,3,3.3,6,0,No
EMP1370,3.1,2,3,3.3,22,0,No
EMP1371,3.6,3,3,3.5,29,1,No
EMP1372,4.1,1,2,4.0,27,0,No
EMP1373,4.0,2,1,3.8,59,0,No
EMP1374,3.1,4,3,3.1,32,1,No
EMP1375,2.5,2,2,1.9,9,0,Yes
EMP1376,3.3,2,2,3.7,45,1,No
EMP1377,3.3,3,3,3.5,40,1,No
EMP1378,4.1,3,1,4.4,3,0,No
EMP1379,3.1,2,3,3.6,5,0,No
EMP1380,3.2,1,1,3.3,33,1,No
EMP1381,3.9,2,4,3.8,50,0,Yes
EMP1382,3.0,1,1,3.6,21,0,No
EMP1383,3.3,3,1,3.2,11,0,No
EMP1384,4.6,5,3,4.7,44,1,No
EMP1385,4.4,4,3,3.6,4,0,Yes
EMP1386,3.8,1,3,3.6,28,0,No
EMP1387,3.6,1,2,3.6,43,1,No
EMP1388,2.7,2,2,3.0,43,1,Yes
EMP1389,3.8,3,3,4.0,44,1,No
EMP1390,3.4,3,3,3.8,44,1,No
EMP1391,3.5,2,3,3.3,8,0,No
EMP1392,3.0,2,3,2.8,50,1,No
EMP1393,3.4,2,2,3.5,19,0,No
EMP1394,3.2,3,1,2.9,12,0,No
EMP1395,3.6,3,2,3.5,26,0,No
EMP1396,4.4,3,3,4.4,22,1,Yes
EMP1397,3.6,1,2,2.8,59,1,Yes
EMP1398,2.2,4,2,1.6,55,1,No
EMP1399,2.7,3,4,2.9,9,1,Yes
EMP1400,2.3,1,2,2.0,20,1,No
EMP1401,2.8,4,2,3.1,32,0,No
EMP1402,3.8,2,2,3.6,35,1,No
EMP1403,3.6,1,3,3.2,23,1,No
EMP1404,2.9,2,3,3.2,69,1,No
EMP1405,3.6,3,1,3.5,10,0,No
EMP1406,2.8,1,2,3.0,58,0,No
EMP1407,2.4,4,3,2.1,50,1,Yes
EMP1408,2.4,2,4,2.1,4,1,No
EMP1409,2.8,2,2,2.7,7,0,No
EMP1410,4.4,3,2,4.1,20,0,No
EMP1411,2.4,1,2,2.3,37,1,No
EMP1412,4.2,3,1,3.8,36,1,No
EMP1413,4.3,2,3,4.4,70,1,Yes
EMP1414,3.2,1,2,3.5,39,0,No
EMP1415,3.3,2,2,3.5,49,1,No
EMP1416,2.9,1,2,2.4,24,1,No
EMP1417,3.3,3,2,3.8,47,1,No
EMP1418,3.8,2,2,3.1,20,0,No
EMP1419,3.4,2,3,3.5,20,1,No
EMP1420,4.1,2,1,4.1,32,1,No
EMP1421,4.2,4,2,4.5,24,1,No
EMP1422,3.6,2,2,3.3,19,1,No
EMP1423,3.6,2,1,3.4,21,1,No
EMP1424,3.3,1,2,3.8,23,0,No
EMP1425,3.6,3,2,4.1,25,0,No
EMP1426,2.6,3,1,2.2,33,0,No
EMP1427,3.6,1,2,3.5,31,1,No
EMP1428,3.5,1,3,3.2,120,1,No
EMP1429,2.8,2,2,1.8,89,0,No
EMP1430,4.9,2,2,5.0,12,0,No
EMP1431,2.7,1,3,2.4,10,0,No
EMP1432,2.8,3,2,2.8,23,1,No
EMP1433,3.6,1,3,3.7,19,0,No
EMP1434,2.0,1,3,1.5,14,1,No
EMP1435,2.8,3,2,3.2,10,1,No
EMP1436,2.3,2,4,2.0,57,1,No
EMP1437,2.7,3,3,2.1,39,1,No
EMP1438,3.3,2,3,3.4,17,0,Yes
EMP1439,3.6,1,3,3.7,62,1,No
EMP1440,4.1,3,2,3.9,30,0,No
EMP1441,3.9,2,2,3.9,20,0,No
EMP1442,4.2,2,2,4.9,24,1,No
EMP1443,3.8,3,3,4.1,16,1,Yes
EMP1444,3.0,3,2,3.0,66,1,No
EMP1445,4.1,1,3,4.0,45,1,No
EMP1446,3.0,1,1,3.7,17,0,Yes
EMP1447,2.9,1,3,2.7,53,1,No
EMP1448,4.4,3,5,3.6,7,0,No
EMP1449,3.9,2,2,4.4,92,1,No
EMP1450,3.5,2,1,3.3,5,1,No
EMP1451,3.9,3,2,3.0,83,0,Yes
EMP1452,4.0,2,3,3.4,34,0,No
EMP1453,2.4,2,3,1.9,35,0,Yes
EMP1454,3.3,3,3,2.4,13,0,No
EMP1455,2.5,2,2,2.2,35,1,No
EMP1456,3.4,2,1,3.2,12,0,No
EMP1457,2.9,1,1,3.6,8,1,No
EMP1458,4.3,3,1,4.3,16,1,No
EMP1459,3.7,3,2,3.5,72,0,Yes
EMP1460,2.8,2,2,2.7,16,0,No
EMP1461,3.3,4,1,3.4,22,0,No
EMP1462,2.5,2,2,2.9,48,1,No
EMP1463,3.4,1,1,3.9,16,0,No
EMP1464,3.7,2,2,2.9,26,1,No
EMP1465,3.5,2,3,2.9,14,1,No
EMP1466,2.0,2,2,2.0,23,0,No
EMP1467,3.1,4,2,3.9,33,1,No
EMP1468,3.7,3,2,3.5,10,1,No
EMP1469,3.6,3,3,4.0,68,1,No
EMP1470,4.2,3,3,4.0,53,0,No
EMP1471,2.5,3,2,2.3,8,0,No
EMP1472,3.7,3,2,3.6,56,1,Yes
EMP1473,2.9,2,3,3.5,32,1,No
EMP1474,3.5,2,2,3.3,43,0,No
EMP1475,3.6,5,3,3.6,10,1,Yes
EMP1476,3.8,2,2,3.9,10,0,No
EMP1477,3.0,3,3,3.4,40,1,No
EMP1478,3.5,1,3,3.5,51,1,No
EMP1479,2.5,1,4,2.9,50,1,No
EMP1480,2.4,4,4,3.1,40,0,No
EMP1481,3.7,1,3,4.0,12,1,No
EMP1482,3.3,4,3,3.2,7,1,No
EMP1483,2.2,2,4,2.2,9,1,Yes
EMP1484,2.8,1,2,2.9,20,0,No
EMP1485,3.4,3,2,3.3,30,0,No
EMP1486,4.4,2,3,4.0,25,1,No
EMP1487,4.1,3,3,3.7,5,0,No
EMP1488,3.9,1,1,3.7,21,1,Yes
EMP1489,2.1,1,2,1.3,48,1,No
EMP1490,3.3,2,5,4.5,3,0,No
EMP1491,3.7,2,2,4.1,70,1,No
EMP1492,3.6,3,2,3.4,37,0,No
EMP1493,3.7,2,4,3.4,11,0,No
EMP1494,3.2,1,3,3.7,32,0,No
EMP1495,4.6,2,2,4.0,2,1,No
EMP1496,4.4,4,3,4.0,10,0,Yes
EMP1497,3.3,2,3,3.7,11,0,Yes
EMP1498,2.7,3,2,2.7,12,0,No
EMP1499,4.8,2,4,5.0,31,0,No
EMP1500,3.0,3,3,3.1,19,1,No
EMP1501,4.2,2,1,4.2,12,0,No
EMP1502,4.7,2,2,4.5,14,0,Yes
EMP1503,2.7,2,3,2.9,86,1,No
EMP1504,3.6,3,3,3.7,25,0,No
EMP1505,3.1,1,2,3.2,20,0,No
EMP1506,3.7,3,2,3.5,76,1,No
EMP1507,3.6,1,3,4.1,25,1,Yes
EMP1508,4.7,4,3,4.7,23,0,Yes
EMP1509,3.8,2,3,4.1,9,1,Yes
EMP1510,3.4,1,2,2.9,44,1,No
EMP1511,4.1,2,3,3.4,15,0,No
EMP1512,3.2,2,4,3.5,6,0,No
EMP1513,3.1,5,5,2.8,66,1,No
EMP1514,4.9,4,2,4.6,36,0,No
EMP1515,2.8,2,3,3.0,18,0,No
EMP1516,3.0,3,2,3.5,24,1,No
EMP1517,3.4,2,2,3.3,25,0,Yes
EMP1518,2.6,2,2,2.5,23,1,No
EMP1519,1.9,3,3,2.1,1,0,No
EMP1520,4.1,2,3,4.3,30,0,No
EMP1521,2.8,1,1,2.8,18,1,No
EMP1522,3.0,2,3,2.3,24,1,No
EMP1523,3.1,4,3,3.4,6,1,No
EMP1524,2.7,3,3,2.4,14,0,No
EMP1525,2.6,1,2,3.4,75,1,No
EMP1526,3.5,3,3,3.2,52,1,No
EMP1527,5.0,2,3,5.0,35,0,No
EMP1528,3.9,2,1,3.9,7,0,No
EMP1529,3.9,2,2,4.0,44,0,No
EMP1530,2.3,1,2,3.3,70,1,No
EMP1531,3.3,2,3,3.2,33,0,No
EMP1532,2.5,2,2,2.9,18,0,No
EMP1533,3.9,2,2,3.9,18,0,No
EMP1534,3.2,2,2,3.1,23,1,No
EMP1535,3.4,3,3,3.7,10,0,No
EMP1536,3.3,2,3,3.4,50,1,No
EMP1537,3.0,2,3,2.9,18,0,No
EMP1538,2.3,4,4,1.9,15,0,No
EMP1539,3.8,1,1,4.0,64,0,No
EMP1540,2.4,2,1,3.8,15,0,No
EMP1541,2.5,1,2,2.5,22,0,No
EMP1542,3.2,2,1,3.5,17,0,No
EMP1543,2.9,3,3,2.7,31,0,No
EMP1544,3.5,2,3,4.9,35,0,No
EMP1545,4.1,2,2,3.5,35,1,No
EMP1546,3.5,3,3,3.3,39,1,No
EMP1547,3.5,3,3,2.8,48,1,No
EMP1548,3.4,2,2,3.7,21,0,No
EMP1549,4.0,1,2,4.1,53,1,No
EMP1550,2.1,2,1,2.3,25,1,Yes
EMP1551,3.6,4,3,3.6,3,0,No
EMP1552,2.7,2,2,3.3,12,0,No
EMP1553,2.5,2,3,3.1,6,0,No
EMP1554,3.4,3,4,3.9,21,0,No
EMP1555,3.1,2,2,2.0,33,1,No
EMP1556,3.8,3,3,3.4,12,0,No
EMP1557,4.1,2,2,4.2,32,1,No
EMP1558,1.7,1,3,2.1,36,1,No
EMP1559,3.3,1,4,2.2,70,1,No
EMP1560,4.7,3,1,5.0,23,0,Yes
EMP1561,4.0,2,3,4.2,7,0,No
EMP1562,4.4,1,2,5.0,26,0,No
EMP1563,3.4,3,3,2.9,11,0,No
EMP1564,2.4,1,3,2.1,13,0,No
EMP1565,2.6,3,2,2.2,34,1,No
EMP1566,3.9,3,2,3.7,15,0,No
EMP1567,4.0,1,3,3.7,36,1,Yes
EMP1568,2.8,3,1,2.1,64,0,No
EMP1569,3.2,1,3,3.7,34,0,No
EMP1570,3.5,2,3,3.7,12,1,No
EMP1571,2.1,1,2,1.8,52,0,No
EMP1572,3.1,3,3,2.3,18,0,No
EMP1573,4.5,3,2,5.0,21,1,No
EMP1574,4.9,3,2,4.0,48,1,No
EMP1575,3.3,2,1,2.9,7,0,No
EMP1576,4.6,2,2,4.1,31,0,No
EMP1577,3.0,1,3,2.7,30,0,No
EMP1578,2.8,2,5,3.0,38,0,No
EMP1579,1.8,2,2,2.2,25,0,No
EMP1580,4.0,2,3,4.1,30,1,No
EMP1581,3.1,3,4,2.6,40,1,No
EMP1582,5.0,3,3,5.0,44,1,No
EMP1583,3.6,3,4,4.1,3,0,No
EMP1584,3.5,3,3,3.8,47,1,No
EMP1585,2.1,2,2,3.1,15,0,No
EMP1586,4.4,3,3,4.0,37,1,Yes
EMP1587,3.1,1,2,2.8,36,0,No
EMP1588,3.2,2,4,2.9,47,1,No
EMP1589,1.8,2,2,1.6,41,1,No
EMP1590,4.0,2,3,4.3,120,1,No
EMP1591,4.1,2,3,4.2,34,1,Yes
EMP1592,2.9,2,2,2.7,23,0,No
EMP1593,3.4,3,3,3.9,30,1,No
EMP1594,3.6,1,2,3.6,7,0,No
EMP1595,4.0,2,1,3.8,21,1,No
EMP1596,3.4,2,4,3.2,68,1,No
EMP1597,4.6,3,2,4.1,27,1,No
EMP1598,3.2,3,1,3.1,21,1,No
EMP1599,2.9,3,2,2.6,5,0,No
EMP1600,3.0,3,2,3.0,37,0,No
EMP1601,1.6,1,3,1.8,1,0,No
EMP1602,2.8,2,4,3.0,26,0,No
EMP1603,4.1,4,3,3.9,2,0,No
EMP1604,3.5,2,3,4.3,19,1,No
EMP1605,2.8,4,3,2.3,9,0,No
EMP1606,3.6,3,2,3.9,10,0,No
EMP1607,1.9,1,1,1.9,25,0,No
EMP1608,3.2,2,3,3.3,21,0,No
EMP1609,3.7,2,3,3.4,59,1,Yes
EMP1610,3.9,4,5,3.6,52,0,No
EMP1611,2.8,3,2,3.1,12,0,No
EMP1612,4.0,3,1,3.3,60,1,No
EMP1613,4.7,3,2,4.8,100,1,No
EMP1614,3.1,3,4,2.5,70,1,No
EMP1615,3.9,1,2,3.2,20,0,Yes
EMP1616,2.3,1,1,2.3,59,1,No
EMP1617,2.0,2,2,1.8,33,1,No
EMP1618,3.8,1,1,4.6,51,1,No
EMP1619,3.4,1,2,2.7,56,1,No
EMP1620,3.5,1,2,3.6,50,0,No
EMP1621,3.0,2,3,3.0,12,0,No
EMP1622,3.2,2,3,3.3,49,1,No
EMP1623,3.9,4,2,3.7,66,1,No
EMP1624,4.6,3,4,3.9,11,0,Yes
EMP1625,3.2,1,3,3.5,16,0,No
EMP1626,2.2,1,1,2.5,107,1,No
EMP1627,4.3,1,2,4.5,35,1,No
EMP1628,3.8,2,1,3.9,40,0,No
EMP1629,3.8,4,4,4.3,49,1,Yes
EMP1630,3.5,3,2,3.9,18,0,Yes
EMP1631,5.0,3,1,5.0,20,1,Yes
EMP1632,3.4,2,2,3.1,17,0,No
EMP1633,3.7,2,2,4.1,37,0,No
EMP1634,2.1,1,4,1.7,10,1,No
EMP1635,3.0,2,3,3.2,5,0,Yes
EMP1636,2.9,2,2,2.5,16,1,No
EMP1637,3.3,2,3,3.2,43,1,No
EMP1638,3.6,2,3,3.9,46,1,No
EMP1639,2.8,1,2,2.7,35,1,No
EMP1640,4.6,4,1,5.0,51,1,No
EMP1641,2.6,1,1,2.4,26,0,No
EMP1642,3.0,2,1,3.7,5,1,No
EMP1643,3.5,2,3,3.4,77,1,No
EMP1644,2.5,3,3,3.5,21,0,No
EMP1645,3.8,1,3,4.1,26,0,No
EMP1646,3.8,3,2,3.8,44,1,No
EMP1647,3.2,3,2,2.7,37,0,No
EMP1648,4.7,2,2,4.5,5,0,Yes
EMP1649,3.4,1,1,4.2,11,0,No
EMP1650,3.6,4,2,3.1,49,0,No
EMP1651,2.7,3,3,2.1,39,1,No
EMP1652,2.2,2,4,2.3,19,0,No
EMP1653,2.9,3,2,3.4,46,1,No
EMP1654,3.1,3,2,2.9,20,0,No
EMP1655,3.0,2,3,2.7,16,1,No
EMP1656,3.9,3,3,3.8,84,1,No
EMP1657,1.7,1,2,1.6,26,0,Yes
EMP1658,2.6,2,3,3.1,29,1,No
EMP1659,2.1,2,2,2.9,43,0,Yes
EMP1660,4.3,3,1,4.2,17,0,No
EMP1661,3.0,3,4,2.7,25,1,No
EMP1662,3.0,2,2,2.5,19,0,No
EMP1663,2.6,3,2,1.9,33,0,No
EMP1664,4.0,2,3,4.0,25,0,No
EMP1665,3.1,2,3,2.5,27,0,No
EMP1666,3.5,2,2,3.8,13,0,No
EMP1667,1.9,2,3,1.8,22,0,No
EMP1668,4.2,3,3,3.9,22,0,No
EMP1669,3.6,3,2,4.2,6,1,No
EMP1670,3.8,3,1,3.1,5,0,No
EMP1671,4.2,2,3,4.6,25,0,No
EMP1672,3.2,2,3,3.2,21,1,No
EMP1673,3.2,2,2,3.3,31,1,No
EMP1674,3.9,2,2,3.9,6,0,No
EMP1675,3.7,3,3,3.2,32,1,No
EMP1676,3.2,2,3,3.4,19,1,No
EMP1677,3.4,3,1,3.9,24,0,No
EMP1678,3.0,2,2,2.2,36,0,No
EMP1679,3.9,2,2,3.9,9,0,Yes
EMP1680,4.0,2,5,3.9,29,1,No
EMP1681,3.4,3,2,3.3,120,1,Yes
EMP1682,4.7,2,2,4.9,11,0,No
EMP1683,2.3,2,3,2.2,31,1,No
EMP1684,3.2,3,1,3.0,68,1,No
EMP1685,4.6,4,3,5.0,15,0,No
EMP1686,3.1,2,3,2.7,108,1,Yes
EMP1687,2.2,1,1,2.0,9,1,No
EMP1688,4.3,2,2,4.1,37,0,No
EMP1689,3.7,2,4,3.4,18,0,Yes
EMP1690,2.5,1,4,2.3,5,0,No
EMP1691,3.9,4,2,4.5,34,0,Yes
EMP1692,2.6,2,1,2.3,15,0,Yes
EMP1693,2.4,2,2,3.4,19,0,Yes
EMP1694,3.3,2,4,2.7,1,0,No
EMP1695,3.0,3,3,2.0,10,1,No
EMP1696,2.6,1,3,2.3,10,0,Yes
EMP1697,3.1,2,1,2.6,13,0,No
EMP1698,2.7,3,2,3.2,63,0,No
EMP1699,3.4,2,3,3.6,22,1,No
EMP1700,3.4,2,4,3.0,36,0,No
EMP1701,3.9,1,4,3.8,1,0,No
EMP1702,3.0,3,2,2.9,59,1,No
EMP1703,2.4,1,5,3.4,25,1,No
EMP1704,2.4,1,3,2.4,14,0,No
EMP1705,3.2,3,3,3.3,22,0,No
EMP1706,4.4,2,1,4.6,39,1,No
EMP1707,4.0,1,2,4.1,32,0,No
EMP1708,2.9,3,1,2.9,34,0,No
EMP1709,4.0,1,3,3.6,5,1,No
EMP1710,2.6,2,2,2.6,45,1,No
EMP1711,4.1,2,1,4.2,17,0,No
EMP1712,3.1,1,1,2.5,12,1,No
EMP1713,3.9,2,2,3.9,38,1,No
EMP1714,3.8,1,4,3.3,22,0,No
EMP1715,3.2,1,3,2.5,83,1,No
EMP1716,3.6,2,2,3.6,4,0,No
EMP1717,2.6,1,2,2.8,26,0,No
EMP1718,3.3,2,1,3.7,43,1,No
EMP1719,4.1,3,2,3.9,4,0,No
EMP1720,5.0,2,2,4.4,20,0,No
EMP1721,3.9,3,2,3.5,8,1,No
EMP1722,3.4,3,2,3.3,3,0,No
EMP1723,2.7,3,1,2.6,61,1,No
EMP1724,4.1,1,2,4.3,34,1,Yes
EMP1725,2.2,2,3,2.1,57,1,Yes
EMP1726,2.8,2,4,3.2,42,1,No
EMP1727,3.6,2,2,3.3,15,0,Yes
EMP1728,2.5,1,3,2.7,28,0,No
EMP1729,4.4,2,3,4.6,40,0,No
EMP1730,4.1,1,2,4.2,22,1,No
EMP1731,3.0,1,5,3.2,30,1,Yes
EMP1732,3.0,3,2,2.5,23,1,No
EMP1733,2.4,2,2,2.7,15,1,No
EMP1734,2.4,1,2,2.2,28,1,No
EMP1735,3.7,1,4,3.6,20,1,No
EMP1736,3.8,4,2,3.4,51,0,No
EMP1737,3.6,2,1,3.7,7,0,No
EMP1738,3.6,3,2,3.4,29,0,No
EMP1739,3.0,2,2,2.7,34,0,No
EMP1740,3.6,2,2,3.9,73,1,No
EMP1741,2.3,2,2,2.0,18,0,No
EMP1742,3.4,2,2,3.5,29,0,No
EMP1743,4.4,1,2,4.5,26,0,No
EMP1744,4.3,3,3,4.5,26,0,No
EMP1745,3.0,1,2,3.0,17,1,No
EMP1746,3.1,3,1,2.6,38,1,No
EMP1747,4.3,3,1,4.3,35,1,Yes
EMP1748,4.6,3,2,4.7,8,0,No
EMP1749,2.3,2,2,3.0,14,0,No
EMP1750,3.1,4,1,3.8,33,0,No
EMP1751,3.5,1,2,3.8,18,1,Yes
EMP1752,4.2,3,2,4.6,25,0,Yes
EMP1753,2.8,3,3,1.8,49,1,No
EMP1754,3.8,3,4,3.6,48,0,No
EMP1755,3.2,2,3,2.8,14,0,No
EMP1756,5.0,4,2,5.0,43,1,No
EMP1757,3.7,3,2,3.9,28,1,No
EMP1758,3.3,1,2,3.5,80,1,No
EMP1759,3.1,2,3,3.3,42,0,No
EMP1760,4.1,2,3,4.2,41,1,No
EMP1761,3.8,2,3,3.8,17,1,No
EMP1762,2.6,1,2,2.4,19,0,Yes
EMP1763,3.5,2,3,3.8,15,0,Yes
EMP1764,2.4,3,1,2.4,47,1,No
EMP1765,2.8,2,2,3.2,2,0,No
EMP1766,2.5,2,2,2.3,24,0,No
EMP1767,2.4,2,1,2.3,9,0,No
EMP1768,2.9,3,4,2.6,47,0,No
EMP1769,2.7,2,3,3.0,49,1,No
EMP1770,3.7,4,2,3.4,3,1,No
EMP1771,3.9,2,2,2.9,16,1,Yes
EMP1772,3.2,3,2,2.9,6,0,Yes
EMP1773,2.6,2,1,2.3,12,1,No
EMP1774,3.9,3,2,3.9,28,0,No
EMP1775,1.9,1,2,1.8,23,0,No
EMP1776,2.0,2,2,2.5,36,1,No
EMP1777,3.9,2,4,4.0,40,1,Yes
EMP1778,3.8,1,1,4.2,52,1,No
EMP1779,4.1,2,2,4.7,19,1,No
EMP1780,3.2,2,2,3.6,40,0,No
EMP1781,2.5,1,1,2.9,26,1,No
EMP1782,3.0,4,5,2.8,22,1,No
EMP1783,3.8,2,3,4.0,35,0,No
EMP1784,2.8,1,2,2.8,77,1,No
EMP1785,2.9,3,3,3.2,38,1,No
EMP1786,2.4,2,4,2.2,48,1,Yes
EMP1787,2.6,4,2,2.9,9,1,No
EMP1788,4.0,2,3,3.8,34,1,No
EMP1789,3.7,3,1,4.0,42,0,No
EMP1790,2.6,2,3,3.1,10,0,No
EMP1791,2.6,2,2,3.1,34,0,No
EMP1792,3.0,3,1,2.8,120,1,No
EMP1793,3.8,3,2,4.3,45,0,No
EMP1794,2.5,1,2,1.8,24,0,Yes
EMP1795,3.3,3,4,3.4,68,1,No
EMP1796,1.9,2,2,1.3,5,0,No
EMP1797,2.5,4,1,2.5,59,0,Yes
EMP1798,3.7,3,1,3.2,53,1,No
EMP1799,4.0,1,2,4.0,9,0,Yes
EMP1800,2.6,3,3,2.3,54,1,Yes
EMP1801,2.8,2,3,3.3,38,0,No
EMP1802,3.9,1,3,4.8,5,1,No
EMP1803,3.1,2,3,3.5,32,1,No
EMP1804,3.0,1,2,3.4,27,0,No
EMP1805,3.7,1,3,3.9,19,0,No
EMP1806,3.5,1,3,3.5,30,1,Yes
EMP1807,4.2,3,3,4.1,18,0,No
EMP1808,3.9,3,4,3.4,41,0,Yes
EMP1809,3.0,2,2,2.7,27,0,No
EMP1810,3.3,2,2,3.6,35,1,No
EMP1811,3.3,2,2,3.1,5,0,No
EMP1812,2.4,4,2,2.6,52,1,No
EMP1813,2.7,2,4,2.3,25,0,Yes
EMP1814,4.1,2,3,5.0,12,0,No
EMP1815,2.3,2,3,2.9,15,0,No
EMP1816,4.1,1,1,4.1,33,0,Yes
EMP1817,3.6,1,1,4.4,34,0,No
EMP1818,3.3,3,2,3.5,19,0,No
EMP1819,3.7,3,2,4.2,9,1,No
EMP1820,3.7,2,3,3.7,7,1,No
EMP1821,4.2,3,2,4.0,33,0,Yes
EMP1822,3.1,3,2,3.7,19,1,No
EMP1823,3.2,2,2,3.5,3,0,No
EMP1824,3.2,2,3,3.6,33,0,No
EMP1825,4.7,1,3,5.0,24,1,No
EMP1826,4.0,1,1,4.1,16,1,No
EMP1827,2.7,2,2,2.5,17,0,No
EMP1828,3.1,2,1,3.3,19,0,Yes
EMP1829,2.9,3,4,2.2,17,1,Yes
EMP1830,3.4,2,4,3.5,20,0,No
EMP1831,3.5,2,2,4.0,74,1,No
EMP1832,5.0,2,1,4.9,58,0,No
EMP1833,2.1,1,2,2.9,11,0,No
EMP1834,4.1,3,2,4.0,33,1,No
EMP1835,3.7,3,3,3.3,25,0,No
EMP1836,2.9,4,4,3.2,19,0,No
EMP1837,3.3,2,3,3.2,19,0,No
EMP1838,3.0,2,1,3.3,39,0,No
EMP1839,3.4,1,4,3.2,16,1,No
EMP1840,4.1,1,3,4.3,20,0,No
EMP1841,2.3,4,3,2.4,33,0,No
EMP1842,4.3,2,3,4.4,61,0,No
EMP1843,3.1,3,1,3.5,17,0,No
EMP1844,4.4,2,2,4.1,32,1,No
EMP1845,3.7,3,3,3.7,40,1,No
EMP1846,4.2,2,2,4.7,25,0,No
EMP1847,3.8,3,1,4.3,22,1,No
EMP1848,4.1,2,3,4.4,37,1,No
EMP1849,3.4,3,3,3.0,8,0,No
EMP1850,2.8,1,3,2.9,15,0,Yes
EMP1851,3.8,2,2,3.7,19,0,No
EMP1852,3.9,3,2,3.8,22,0,No
EMP1853,4.8,3,4,4.2,43,1,Yes
EMP1854,2.0,3,3,1.2,32,0,No
EMP1855,3.2,2,4,3.6,55,1,No
EMP1856,4.1,2,1,4.4,71,1,No
EMP1857,2.5,2,1,1.9,31,1,No
EMP1858,3.2,1,1,3.1,64,1,No
EMP1859,4.9,2,2,4.9,31,1,No
EMP1860,4.4,3,3,4.2,26,1,No
EMP1861,2.8,3,1,3.0,20,0,No
EMP1862,4.4,4,4,4.3,31,0,No
EMP1863,4.2,2,2,3.7,43,0,No
EMP1864,3.9,3,3,3.7,19,0,No
EMP1865,3.6,3,3,3.8,41,1,No
EMP1866,3.5,1,1,3.1,32,1,Yes
EMP1867,2.8,1,2,3.1,8,0,No
EMP1868,3.0,2,2,3.4,65,1,No
EMP1869,3.9,1,3,4.2,13,0,No
EMP1870,3.5,3,2,3.7,20,0,No
EMP1871,4.7,2,2,4.7,15,1,No
EMP1872,3.1,1,2,3.3,20,1,No
EMP1873,1.7,1,1,1.4,79,1,No
EMP1874,3.1,4,3,2.2,23,1,No
EMP1875,3.6,3,2,3.3,44,1,No
EMP1876,3.6,2,2,4.2,16,0,No
EMP1877,3.4,2,2,3.8,76,1,Yes
EMP1878,2.8,2,3,2.4,66,1,No
EMP1879,4.4,3,4,4.3,34,0,No
EMP1880,2.9,1,2,2.6,22,0,Yes
EMP1881,3.9,2,1,3.4,13,0,No
EMP1882,3.2,1,1,3.1,10,0,Yes
EMP1883,2.5,1,3,2.8,14,1,No
EMP1884,4.4,3,3,4.4,13,0,No
EMP1885,1.6,2,3,1.5,24,0,No
EMP1886,2.8,3,1,1.9,27,1,No
EMP1887,3.7,2,1,4.6,40,1,No
EMP1888,3.1,3,4,2.6,44,0,Yes
EMP1889,3.9,4,3,3.9,27,0,Yes
EMP1890,3.3,3,2,3.6,33,1,No
EMP1891,3.1,3,2,3.2,54,0,No
EMP1892,4.9,2,1,5.0,13,1,No
EMP1893,3.2,1,2,2.3,26,1,No
EMP1894,3.3,3,2,3.0,17,0,No
EMP1895,2.6,1,3,2.3,25,1,No
EMP1896,2.9,3,2,2.4,51,1,Yes
EMP1897,3.8,2,3,3.2,5,1,No
EMP1898,3.8,2,3,4.2,24,0,Yes
EMP1899,3.4,2,4,2.9,19,0,No
EMP1900,2.9,2,5,3.3,18,1,No
EMP1901,3.9,1,2,4.3,75,1,Yes
EMP1902,2.2,1,2,2.1,58,1,No
EMP1903,3.1,3,2,2.5,21,0,No
EMP1904,3.2,3,3,3.0,37,0,No
EMP1905,2.8,1,2,2.5,27,1,No
EMP1906,3.5,1,2,3.2,22,0,No
EMP1907,2.9,2,2,2.6,64,0,No
EMP1908,2.8,1,2,2.8,24,1,No
EMP1909,4.6,3,4,4.5,5,0,Yes
EMP1910,3.9,1,2,3.9,56,1,No
EMP1911,4.2,2,3,4.2,35,0,No
EMP1912,3.4,2,4,3.9,17,0,No
EMP1913,4.1,2,1,4.9,5,0,Yes
EMP1914,3.9,3,2,3.9,35,0,No
EMP1915,4.2,2,2,4.2,28,0,Yes
EMP1916,5.0,5,2,4.9,14,0,No
EMP1917,3.2,4,3,3.6,7,0,No
EMP1918,3.6,3,3,3.9,20,0,Yes
EMP1919,3.4,2,3,3.4,25,0,No
EMP1920,1.0,2,2,1.0,12,0,No
EMP1921,2.4,1,2,2.6,11,0,No
EMP1922,3.4,2,2,3.8,62,1,No
EMP1923,3.8,1,2,3.6,7,0,No
EMP1924,3.0,3,3,3.2,17,0,No
EMP1925,4.2,4,3,3.5,44,0,Yes
EMP1926,4.3,2,1,4.0,56,1,Yes
EMP1927,3.1,1,2,3.3,1,1,No
EMP1928,4.4,2,2,3.8,24,1,No
EMP1929,4.6,2,4,4.0,18,0,No
EMP1930,3.7,1,2,3.8,54,1,No
EMP1931,2.7,2,3,1.9,22,0,No
EMP1932,4.4,3,2,4.3,9,0,No
EMP1933,3.3,2,2,4.1,21,0,No
EMP1934,3.1,1,2,3.2,10,1,No
EMP1935,3.5,2,2,4.2,49,0,No
EMP1936,3.0,2,2,3.6,7,1,No
EMP1937,4.1,1,4,3.8,14,0,No
EMP1938,3.9,3,3,3.8,41,0,No
EMP1939,4.3,3,3,4.4,52,1,No
EMP1940,3.8,3,3,4.2,24,1,No
EMP1941,2.8,2,3,3.4,5,0,Yes
EMP1942,3.3,3,1,3.6,18,1,No
EMP1943,4.0,2,3,4.1,38,0,No
EMP1944,3.1,2,2,2.7,26,1,No
EMP1945,5.0,4,3,5.0,21,0,No
EMP1946,3.2,2,2,3.0,9,1,No
EMP1947,3.0,2,5,3.4,23,0,No
EMP1948,4.2,3,2,4.7,41,1,Yes
EMP1949,3.9,1,3,3.3,75,1,No
EMP1950,3.4,3,2,4.2,8,0,No
EMP1951,3.2,3,3,3.1,29,0,No
EMP1952,3.7,2,2,4.1,43,0,No
EMP1953,4.0,3,2,4.4,1,1,No
EMP1954,3.9,3,4,4.6,34,0,No
EMP1955,3.2,2,3,3.7,25,1,Yes
EMP1956,3.7,1,3,4.4,38,0,No
EMP1957,4.0,4,1,4.3,39,1,No
EMP1958,3.9,1,2,3.6,23,1,No
EMP1959,1.2,1,2,1.1,22,0,No
EMP1960,2.8,3,3,3.1,29,1,Yes
EMP1961,2.9,3,2,3.3,13,0,No
EMP1962,3.2,3,2,3.3,20,0,No
EMP1963,3.5,2,2,3.2,56,0,No
EMP1964,4.0,1,2,3.5,4,0,No
EMP1965,3.8,2,2,3.8,52,1,No
EMP1966,3.3,1,2,4.5,12,0,No
EMP1967,3.4,3,2,3.4,48,1,No
EMP1968,4.6,3,2,4.4,26,0,No
EMP1969,3.0,1,4,3.2,37,0,No
EMP1970,3.6,2,1,3.9,34,0,No
EMP1971,4.5,2,3,4.6,38,1,No
EMP1972,3.6,3,3,2.8,5,0,No
EMP1973,2.0,1,3,1.7,30,0,Yes
EMP1974,3.7,3,3,3.5,38,0,No
EMP1975,3.1,2,4,3.4,41,0,Yes
EMP1976,3.3,3,2,3.1,19,0,No
EMP1977,4.1,3,2,4.0,7,0,No
EMP1978,3.7,2,3,3.3,60,1,No
EMP1979,3.2,2,3,3.0,25,1,No
EMP1980,4.0,4,3,4.9,69,1,Yes
EMP1981,3.7,1,2,4.0,48,1,No
EMP1982,3.5,2,1,3.7,31,0,No
EMP1983,3.6,2,3,3.3,31,1,No
EMP1984,3.6,2,1,3.1,13,0,No
EMP1985,3.2,2,3,3.6,37,1,No
EMP1986,3.1,2,3,3.1,48,1,No
EMP1987,3.4,3,3,3.6,8,0,No
EMP1988,2.7,1,3,2.8,34,0,No
EMP1989,2.5,3,2,2.6,23,1,No
EMP1990,4.3,3,2,3.3,103,1,No
EMP1991,3.2,1,2,3.6,26,0,No
EMP1992,3.4,4,4,4.1,8,0,Yes
EMP1993,3.3,3,4,3.3,23,1,No
EMP1994,3.4,2,3,3.3,7,0,No
EMP1995,3.4,2,1,3.5,6,1,No
EMP1996,3.4,3,3,3.3,34,1,No
EMP1997,2.8,1,2,2.1,47,1,No
EMP1998,4.1,3,2,4.0,76,1,No
EMP1999,2.9,3,1,2.9,28,0,No
EMP2000,4.1,4,2,4.5,78,1,No
EMP2001,2.1,1,2,1.7,26,0,No
EMP2002,2.7,2,1,2.6,62,1,No
EMP2003,4.1,2,3,4.1,97,1,Yes
EMP2004,3.3,3,1,3.5,16,1,No
EMP2005,2.9,2,2,3.7,23,0,No
EMP2006,3.7,4,3,4.0,15,0,Yes
EMP2007,2.7,3,3,3.0,49,1,No
EMP2008,3.5,3,2,3.0,52,1,No
EMP2009,1.8,1,4,2.5,35,1,No
EMP2010,3.1,4,4,2.4,65,0,No
EMP2011,2.9,1,2,3.5,32,1,No
EMP2012,3.8,3,2,4.2,10,0,Yes
EMP2013,4.0,1,2,4.1,24,0,No
EMP2014,2.8,1,1,2.4,22,0,No
EMP2015,4.5,3,1,4.7,42,1,Yes
EMP2016,3.0,3,2,2.8,7,1,No
EMP2017,2.0,2,2,2.6,27,1,No
EMP2018,1.7,1,2,1.0,34,1,No
EMP2019,4.5,2,2,4.5,76,1,No
EMP2020,3.3,1,2,2.3,36,0,No
EMP2021,2.9,2,2,2.9,28,1,No
EMP2022,2.9,3,2,2.8,33,1,No
EMP2023,2.6,2,5,2.9,12,0,Yes
EMP2024,4.3,4,3,3.9,12,0,Yes
EMP2025,3.3,2,4,2.9,10,1,No
EMP2026,4.7,3,2,3.8,27,0,Yes
EMP2027,3.3,2,3,3.1,47,0,No
EMP2028,1.8,2,2,1.9,31,1,No
EMP2029,4.0,1,3,3.9,62,1,Yes
EMP2030,3.1,2,3,2.7,11,0,No
EMP2031,3.2,2,3,3.1,13,0,No
EMP2032,4.5,3,3,4.7,120,1,No
EMP2033,3.2,2,1,3.3,67,1,No
EMP2034,4.2,1,4,3.4,36,1,No
EMP2035,3.4,2,2,3.2,5,1,No
EMP2036,2.9,4,2,2.6,5,0,No
EMP2037,3.8,1,1,2.7,13,0,No
EMP2038,3.0,1,2,3.2,49,1,Yes
EMP2039,4.3,4,3,4.4,11,0,No
EMP2040,4.1,2,3,3.7,26,0,Yes
EMP2041,3.4,1,2,3.6,78,1,No
EMP2042,3.8,3,5,3.9,8,1,Yes
EMP2043,3.8,1,1,3.6,17,0,Yes
EMP2044,3.2,2,3,3.3,50,1,No
EMP2045,4.0,3,3,3.9,16,1,No
EMP2046,3.2,4,5,2.9,56,0,No
EMP2047,3.8,3,1,4.2,34,1,No
EMP2048,2.7,2,3,2.1,61,0,No
EMP2049,3.5,2,3,4.3,13,0,No
EMP2050,3.7,4,3,3.8,6,0,No
EMP2051,2.8,2,3,2.6,18,1,No
EMP2052,3.1,2,1,3.3,32,0,No
EMP2053,3.0,2,2,2.6,39,0,No
EMP2054,3.9,2,1,3.7,67,1,No
EMP2055,2.9,2,2,3.7,26,0,No
EMP2056,3.7,3,3,3.9,53,1,No
EMP2057,4.5,3,1,4.4,27,0,No
EMP2058,3.7,2,2,3.6,30,0,Yes
EMP2059,2.3,1,3,2.7,25,1,No
EMP2060,3.5,1,1,3.9,64,1,No
EMP2061,4.1,2,2,4.0,4,0,No
EMP2062,3.2,4,2,3.7,34,0,No
EMP2063,4.2,2,2,4.2,26,0,No
EMP2064,3.8,2,2,3.8,33,1,No
EMP2065,3.7,2,2,4.0,44,1,No
EMP2066,3.2,4,2,2.9,18,0,No
EMP2067,3.0,4,2,2.4,23,1,No
EMP2068,3.2,3,3,3.1,18,0,No
EMP2069,3.5,4,3,3.9,15,0,No
EMP2070,3.8,2,2,3.7,7,1,Yes
EMP2071,3.7,2,3,4.1,6,0,No
EMP2072,3.2,3,2,3.7,37,0,No
EMP2073,3.5,2,2,3.4,18,0,No
EMP2074,3.7,1,3,3.7,22,0,No
EMP2075,2.3,1,3,2.3,32,1,No
EMP2076,2.9,2,2,3.2,24,1,No
EMP2077,2.8,2,1,3.0,14,0,Yes
EMP2078,3.3,2,4,3.4,25,0,No
EMP2079,3.2,4,4,3.8,19,0,Yes
EMP2080,3.2,3,3,3.4,55,1,No
EMP2081,2.8,4,2,2.9,52,1,No
EMP2082,3.9,3,3,3.6,11,1,No
EMP2083,3.6,2,2,3.6,31,0,Yes
EMP2084,2.3,2,4,2.9,40,1,Yes
EMP2085,3.4,3,3,3.7,53,1,No
EMP2086,2.6,2,2,2.7,9,1,No
EMP2087,4.6,3,2,4.6,82,1,Yes
EMP2088,3.1,3,2,2.7,22,0,No
EMP2089,3.1,2,3,2.8,26,0,No
EMP2090,3.5,1,4,3.9,20,0,No
EMP2091,3.3,4,2,3.3,16,1,No
EMP2092,3.4,5,3,3.5,28,0,No
EMP2093,4.5,2,3,5.0,55,1,No
EMP2094,3.6,3,2,3.5,40,1,No
EMP2095,4.0,3,2,3.8,43,1,No
EMP2096,4.2,3,2,4.8,48,0,No
EMP2097,2.7,1,3,3.0,48,0,No
EMP2098,4.6,2,3,4.0,55,1,No
EMP2099,3.9,4,2,3.9,10,1,No
EMP2100,4.1,2,2,3.8,31,1,No
EMP2101,2.8,1,2,2.6,11,0,No
EMP2102,4.0,2,1,3.9,26,1,No
EMP2103,3.7,3,4,3.1,11,1,No
EMP2104,3.0,1,2,2.7,35,0,No
EMP2105,5.0,2,1,5.0,8,1,No
EMP2106,3.8,1,4,3.7,38,1,No
EMP2107,3.2,2,3,3.0,23,0,No
EMP2108,3.5,2,3,3.9,13,0,No
EMP2109,4.1,4,2,3.6,3,0,No
EMP2110,4.2,4,4,4.1,14,1,No
EMP2111,3.8,2,2,4.3,25,0,No
EMP2112,4.3,2,4,4.3,28,1,No
EMP2113,4.4,2,3,4.6,25,0,No
EMP2114,2.5,2,2,2.4,10,0,No
EMP2115,3.1,3,2,3.3,23,0,No
EMP2116,2.8,4,3,3.1,33,0,No
EMP2117,3.5,3,1,3.5,56,1,No
EMP2118,4.4,2,1,4.5,99,1,No
EMP2119,3.9,3,3,4.0,19,1,No
EMP2120,2.7,1,2,2.0,10,1,Yes
EMP2121,3.2,2,2,3.6,26,1,No
EMP2122,4.1,4,4,4.8,33,1,No
EMP2123,3.0,3,3,3.4,38,1,No
EMP2124,3.3,2,1,3.4,27,0,Yes
EMP2125,3.6,1,2,3.5,53,1,No
EMP2126,2.1,2,3,2.3,31,0,No
EMP2127,4.0,2,3,4.8,29,1,No
EMP2128,3.7,4,4,4.3,22,1,No
EMP2129,3.8,4,4,3.5,40,1,No
EMP2130,2.7,1,3,3.3,76,1,No
EMP2131,2.9,2,2,2.6,26,1,No
EMP2132,3.0,2,3,2.8,42,0,No
EMP2133,3.6,3,1,3.6,12,0,No
EMP2134,3.5,2,2,3.8,14,0,No
EMP2135,3.5,4,3,3.4,36,1,No
EMP2136,4.7,4,3,5.0,45,1,Yes
EMP2137,4.3,1,2,4.5,41,0,No
EMP2138,2.9,1,1,3.6,17,1,No
EMP2139,3.0,1,3,2.5,17,0,No
EMP2140,4.6,3,2,4.7,18,1,No
EMP2141,3.2,1,2,3.5,10,0,No
EMP2142,4.4,2,2,5.0,64,1,No
EMP2143,4.5,2,3,3.7,11,1,No
EMP2144,3.0,2,4,2.9,35,1,No
EMP2145,3.2,1,1,2.4,24,0,No
EMP2146,3.5,2,3,3.7,71,1,No
EMP2147,2.8,3,3,2.6,30,1,No
EMP2148,2.7,3,4,2.9,41,0,No
EMP2149,3.1,2,4,3.5,48,1,No
EMP2150,4.0,2,2,4.4,57,1,No
EMP2151,3.1,4,4,3.1,12,1,No
EMP2152,3.3,1,3,3.6,34,0,No
EMP2153,3.1,3,1,4.4,28,1,No
EMP2154,2.5,1,2,2.3,41,0,No
EMP2155,4.5,2,3,4.8,60,1,No
EMP2156,1.8,3,1,1.6,37,1,No
EMP2157,3.0,1,1,3.4,37,1,Yes
EMP2158,3.8,3,3,3.5,21,1,Yes
EMP2159,2.4,3,3,2.7,7,0,Yes
EMP2160,3.8,4,2,3.2,8,0,No
EMP2161,4.3,4,2,4.4,31,0,No
EMP2162,2.8,4,4,3.8,22,1,No
EMP2163,3.6,3,3,3.2,34,1,No
EMP2164,2.6,3,2,2.4,25,0,No
EMP2165,3.8,1,3,4.2,28,1,No
EMP2166,3.5,3,3,3.1,64,1,No
EMP2167,3.6,2,3,2.7,63,1,No
EMP2168,4.4,2,1,3.8,28,1,No
EMP2169,3.7,3,2,3.8,31,0,No
EMP2170,4.4,2,2,4.9,3,0,No
EMP2171,3.9,4,3,4.0,35,0,No
EMP2172,2.6,1,1,2.7,29,1,No
EMP2173,3.6,2,2,4.1,16,0,No
EMP2174,3.8,1,2,3.8,8,0,No
EMP2175,2.4,1,1,3.0,20,0,No
EMP2176,4.3,2,1,4.9,35,0,No
EMP2177,3.5,2,3,3.4,10,0,No
EMP2178,3.7,4,2,4.2,25,1,No
EMP2179,2.8,2,3,3.1,15,0,No
EMP2180,3.5,2,1,3.5,12,0,No
EMP2181,3.6,2,2,3.6,29,0,No
EMP2182,3.2,1,2,3.7,57,1,No
EMP2183,3.5,2,1,3.0,21,0,No
EMP2184,1.9,3,2,1.3,31,0,Yes
EMP2185,4.4,4,2,4.9,34,0,No
EMP2186,2.6,3,2,3.4,15,1,Yes
EMP2187,1.9,2,2,2.0,28,1,No
EMP2188,2.7,1,2,3.2,46,1,No
EMP2189,2.8,3,3,2.2,15,1,No
EMP2190,3.8,3,1,3.3,49,1,No
EMP2191,2.8,3,3,2.6,22,1,No
EMP2192,3.6,2,2,3.5,20,1,No
EMP2193,2.7,2,3,2.8,29,1,No
EMP2194,5.0,1,1,4.8,65,0,Yes
EMP2195,3.8,3,3,3.8,32,0,No
EMP2196,4.8,2,3,4.8,26,0,No
EMP2197,2.7,3,2,3.0,12,0,No
EMP2198,3.9,2,1,4.4,39,1,No
EMP2199,2.7,1,3,3.1,80,1,No
EMP2200,3.8,2,3,4.4,40,1,No
EMP2201,3.9,1,1,3.9,42,1,No
EMP2202,2.3,1,2,2.2,10,0,No
EMP2203,2.6,2,3,1.9,17,0,No
EMP2204,2.6,3,3,2.0,86,1,No
EMP2205,2.4,2,3,2.8,19,0,No
EMP2206,2.9,2,3,3.1,28,1,No
EMP2207,2.7,1,3,2.7,69,1,No
EMP2208,2.4,2,2,2.3,67,1,No
EMP2209,3.5,1,3,3.0,7,0,No
EMP2210,3.8,1,1,2.9,17,0,No
EMP2211,2.5,2,2,2.3,36,0,No
EMP2212,3.0,2,1,2.9,19,1,No
EMP2213,3.4,3,5,2.4,15,0,No
EMP2214,3.2,2,2,3.8,57,1,No
EMP2215,2.9,1,2,2.7,70,1,No
EMP2216,4.0,4,3,4.2,25,1,No
EMP2217,4.0,3,2,4.5,12,0,No
EMP2218,3.9,4,1,4.5,25,0,No
EMP2219,3.3,1,2,3.2,38,1,No
EMP2220,4.8,3,1,5.0,28,0,No
EMP2221,4.6,2,2,5.0,102,1,No
EMP2222,3.1,3,2,3.1,28,1,No
EMP2223,3.3,1,1,3.5,16,1,No
EMP2224,4.2,2,3,3.9,54,1,No
EMP2225,2.8,2,3,2.9,1,0,No
EMP2226,3.7,2,2,3.5,23,1,No
EMP2227,3.4,1,4,3.3,13,1,No
EMP2228,2.9,1,3,3.0,37,1,No
EMP2229,3.2,2,1,3.6,29,1,No
EMP2230,2.3,2,2,2.2,12,0,No
EMP2231,3.0,2,1,2.9,44,0,No
EMP2232,2.0,2,2,1.9,23,1,No
EMP2233,5.0,2,2,5.0,80,1,No
EMP2234,4.5,3,2,4.4,25,1,Yes
EMP2235,4.3,2,3,4.5,37,0,No
EMP2236,3.6,4,2,3.0,31,0,No
EMP2237,4.1,1,3,4.1,16,1,No
EMP2238,4.3,1,2,3.8,47,0,No
EMP2239,4.1,4,2,3.9,45,0,Yes
EMP2240,4.0,2,2,4.3,63,0,No
EMP2241,2.8,2,2,3.5,5,0,Yes
EMP2242,3.7,2,2,3.8,70,1,No
EMP2243,3.0,2,3,3.3,10,0,Yes
EMP2244,2.6,1,2,2.7,30,1,No
EMP2245,2.6,2,3,2.4,93,1,No
EMP2246,3.7,2,2,3.8,54,0,Yes
EMP2247,4.1,2,4,4.5,23,1,Yes
EMP2248,2.4,3,3,2.5,27,0,No
EMP2249,4.6,1,4,4.5,10,0,No
EMP2250,4.4,3,3,4.2,15,1,No
EMP2251,3.1,2,3,3.3,9,0,Yes
EMP2252,3.1,1,3,3.0,10,1,No
EMP2253,3.4,1,4,3.8,28,0,Yes
EMP2254,4.1,3,2,3.6,8,0,No
EMP2255,3.1,1,2,3.4,9,0,No
EMP2256,2.6,4,3,2.3,33,1,No
EMP2257,3.6,2,2,3.6,99,1,Yes
EMP2258,2.0,3,2,2.9,30,1,No
EMP2259,3.5,2,3,3.9,3,1,No
EMP2260,4.2,2,2,4.0,11,1,No
EMP2261,3.6,1,1,3.5,3,0,Yes
EMP2262,3.9,3,2,4.3,25,1,No
EMP2263,3.7,3,3,4.1,23,1,No
EMP2264,3.9,3,3,3.9,12,0,No
EMP2265,3.5,3,2,3.8,11,1,No
EMP2266,2.8,1,3,2.7,84,1,No
EMP2267,3.2,1,1,2.1,15,0,No
EMP2268,3.3,1,2,3.8,4,0,No
EMP2269,4.3,4,4,4.1,45,1,Yes
EMP2270,4.5,2,1,4.8,40,0,No
EMP2271,3.7,2,3,3.7,69,1,No
EMP2272,2.9,4,3,2.8,39,1,No
EMP2273,2.9,3,3,2.6,18,0,No
EMP2274,3.3,1,4,3.6,30,0,Yes
EMP2275,4.4,4,3,4.8,26,1,Yes
EMP2276,3.6,2,4,4.1,8,0,No
EMP2277,3.4,3,3,3.7,31,1,No
EMP2278,2.9,3,4,3.1,70,1,No
EMP2279,4.0,1,2,3.8,18,0,No
EMP2280,3.6,2,3,3.6,85,1,Yes
EMP2281,3.4,3,3,3.6,43,1,No
EMP2282,3.5,2,2,2.5,14,0,No
EMP2283,4.6,4,4,4.2,35,1,No
EMP2284,3.3,2,3,3.3,40,1,No
EMP2285,4.6,2,2,5.0,28,0,No
EMP2286,4.3,3,3,4.9,38,0,No
EMP2287,3.4,1,2,4.1,20,0,No
EMP2288,4.0,4,4,3.7,11,1,Yes
EMP2289,3.3,1,1,3.4,57,0,No
EMP2290,2.8,1,3,2.6,66,1,No
EMP2291,3.2,2,2,2.9,17,0,Yes
EMP2292,2.8,1,3,2.7,10,1,No
EMP2293,3.8,2,4,3.9,7,0,No
EMP2294,3.4,2,3,3.8,12,0,No
EMP2295,3.8,3,3,3.2,14,0,No
EMP2296,4.0,2,4,4.0,42,1,No
EMP2297,1.2,3,2,1.0,120,1,No
EMP2298,3.6,3,1,4.2,55,1,No
EMP2299,2.1,2,3,2.8,31,0,No
EMP2300,3.5,2,1,3.3,29,1,No
EMP2301,2.8,1,3,2.5,20,0,No
EMP2302,3.5,2,3,3.8,15,1,No
EMP2303,4.4,3,2,4.8,35,1,No
EMP2304,2.2,1,1,1.8,73,1,No
EMP2305,3.5,2,3,3.3,13,0,No
EMP2306,3.3,2,2,3.4,37,1,No
EMP2307,2.1,4,4,1.7,13,1,No
EMP2308,3.9,3,2,4.5,14,1,No
EMP2309,3.4,3,3,3.4,18,1,No
EMP2310,3.0,2,3,3.0,8,1,No
EMP2311,2.9,3,3,2.4,15,1,No
EMP2312,5.0,1,1,5.0,87,1,No
EMP2313,3.1,4,4,2.6,8,0,No
EMP2314,2.1,1,2,1.8,2,1,No
EMP2315,2.7,3,2,2.5,20,0,Yes
EMP2316,3.1,2,4,3.1,39,1,No
EMP2317,3.1,3,2,2.5,36,0,No
EMP2318,3.3,4,1,3.0,69,1,Yes
EMP2319,2.7,1,5,3.0,32,0,No
EMP2320,3.8,3,3,3.8,46,0,Yes
EMP2321,3.1,1,4,3.2,33,1,No
EMP2322,2.4,1,3,2.8,18,1,No
EMP2323,2.8,3,2,3.0,29,0,Yes
EMP2324,3.1,2,1,3.5,20,0,No
EMP2325,4.0,3,2,4.0,68,1,No
EMP2326,3.7,1,1,3.4,50,1,No
EMP2327,3.2,1,1,3.9,51,1,No
EMP2328,3.4,2,3,2.7,31,1,Yes
EMP2329,3.6,1,1,3.1,33,1,No
EMP2330,4.8,1,4,4.4,5,0,No
EMP2331,3.0,3,1,4.0,10,0,Yes
EMP2332,3.7,3,5,3.7,13,0,Yes
EMP2333,3.9,3,3,4.4,3,0,No
EMP2334,2.7,2,4,2.1,59,1,No
EMP2335,3.5,4,3,3.1,8,1,No
EMP2336,3.5,1,2,3.6,54,1,No
EMP2337,3.1,1,1,2.9,31,1,No
EMP2338,3.8,3,2,3.9,22,0,No
EMP2339,4.1,2,3,4.4,97,1,No
EMP2340,4.2,3,1,4.3,26,1,No
EMP2341,3.3,4,2,3.4,34,1,No
EMP2342,3.5,3,2,3.6,92,1,No
EMP2343,5.0,3,2,4.9,19,1,No
EMP2344,2.6,3,3,2.7,6,1,No
EMP2345,3.6,2,3,4.0,33,0,No
EMP2346,4.0,1,3,3.6,15,1,Yes
EMP2347,3.5,1,1,3.6,25,1,No
EMP2348,3.9,1,3,4.3,23,0,No
EMP2349,3.5,2,3,3.4,18,1,No
EMP2350,3.9,2,2,3.9,77,1,No
EMP2351,4.3,2,2,5.0,42,1,No
EMP2352,3.2,3,3,3.7,38,0,No
EMP2353,3.5,2,2,4.4,42,0,Yes
EMP2354,3.4,2,3,4.2,43,0,No
EMP2355,3.1,2,3,3.0,38,1,No
EMP2356,3.4,4,2,3.1,50,1,No
EMP2357,2.6,1,2,2.5,22,1,No
EMP2358,3.9,1,2,4.3,33,1,No
EMP2359,4.6,2,4,3.2,18,0,No
EMP2360,4.6,3,4,4.6,66,1,No
EMP2361,4.3,3,3,4.8,35,0,No
EMP2362,2.7,2,2,2.7,24,0,No
EMP2363,4.5,5,3,4.7,43,1,No
EMP2364,2.9,3,1,2.8,104,1,No
EMP2365,3.4,2,3,2.7,54,1,No
EMP2366,4.7,4,3,5.0,21,0,No
EMP2367,2.6,3,3,2.5,45,1,Yes
EMP2368,4.0,2,3,4.2,35,1,Yes
EMP2369,3.6,3,3,3.6,42,0,No
EMP2370,3.3,2,2,4.1,41,0,No
EMP2371,2.8,2,3,3.0,28,0,No
EMP2372,3.7,3,4,3.9,56,1,No
EMP2373,3.1,2,2,3.1,17,0,No
EMP2374,4.1,2,3,3.8,27,1,No
EMP2375,4.3,2,4,4.5,32,1,No
EMP2376,2.4,2,4,2.9,49,1,No
EMP2377,3.0,3,1,3.0,4,0,No
EMP2378,3.2,3,3,2.4,5,0,No
EMP2379,2.6,2,3,2.3,38,0,No
EMP2380,2.6,1,3,3.4,34,0,No
EMP2381,3.5,2,2,3.3,33,1,No
EMP2382,3.3,1,3,3.4,5,0,Yes
EMP2383,2.2,1,4,1.5,55,1,No
EMP2384,3.0,3,1,2.8,32,1,No
EMP2385,3.8,1,2,3.5,33,0,No
EMP2386,2.6,3,3,2.9,28,1,Yes
EMP2387,2.8,2,2,3.1,24,1,No
EMP2388,4.5,4,3,4.7,16,0,No
EMP2389,4.3,2,4,4.7,60,1,Yes
EMP2390,2.3,3,3,2.1,38,1,No
EMP2391,2.5,2,4,3.2,39,0,No
EMP2392,3.7,3,2,3.6,2,0,No
EMP2393,2.6,4,3,3.0,36,0,No
EMP2394,3.2,2,1,4.1,28,0,No
EMP2395,3.1,2,5,2.9,41,0,Yes
EMP2396,3.8,1,2,4.0,38,0,No
EMP2397,1.6,2,2,1.6,70,1,No
EMP2398,1.9,3,4,2.0,29,0,No
EMP2399,2.5,2,2,2.6,34,0,No
EMP2400,4.1,3,3,4.1,12,0,No
EMP2401,3.3,4,3,3.3,52,1,No
EMP2402,2.2,2,2,2.5,35,1,Yes
EMP2403,3.7,1,1,3.2,11,1,No
EMP2404,3.9,2,4,3.6,32,1,No
EMP2405,3.2,3,3,3.0,26,0,No
EMP2406,3.2,2,2,2.7,32,0,No
EMP2407,3.7,4,2,3.9,42,1,No
EMP2408,4.2,1,2,4.0,29,0,No
EMP2409,3.5,1,2,3.2,9,0,No
EMP2410,3.8,2,1,3.3,9,1,No
EMP2411,3.4,1,2,3.1,45,1,No
EMP2412,3.1,3,3,3.3,27,0,No
EMP2413,2.8,1,1,2.3,12,0,No
EMP2414,3.6,2,3,4.0,19,1,No
EMP2415,3.2,3,3,3.5,36,1,No
EMP2416,3.2,1,3,3.3,10,0,No
EMP2417,4.1,2,2,3.4,9,0,No
EMP2418,3.7,2,3,3.4,24,1,No
EMP2419,4.0,3,3,4.4,12,1,No
EMP2420,2.3,2,3,2.2,21,0,No
EMP2421,3.8,4,1,3.5,24,0,No
EMP2422,3.0,2,2,2.7,23,1,No
EMP2423,2.8,3,1,3.0,25,0,No
EMP2424,2.8,2,1,2.1,10,0,Yes
EMP2425,4.2,4,3,4.6,15,0,No
EMP2426,4.0,2,3,4.1,23,0,No
EMP2427,2.9,3,2,2.5,2,0,No
EMP2428,2.6,3,2,2.9,73,1,Yes
EMP2429,3.4,3,4,2.3,27,1,No
EMP2430,3.1,1,3,2.6,42,1,No
EMP2431,4.6,3,4,4.7,13,0,No
EMP2432,2.4,1,3,3.0,43,1,No
EMP2433,2.1,4,3,1.6,28,0,No
EMP2434,3.2,2,2,2.6,70,1,No
EMP2435,3.4,1,4,3.4,21,1,Yes
EMP2436,3.5,1,1,3.6,34,1,No
EMP2437,3.9,3,3,3.6,13,0,Yes
EMP2438,4.9,3,3,4.6,43,1,No
EMP2439,3.2,2,3,3.8,20,0,Yes
EMP2440,3.0,2,2,2.6,65,1,No
EMP2441,2.2,2,1,1.6,55,1,No
EMP2442,3.6,2,4,3.4,25,1,No
EMP2443,4.0,3,2,4.5,19,0,No
EMP2444,3.2,3,2,3.5,30,1,Yes
EMP2445,4.2,3,4,4.2,51,1,No
EMP2446,3.4,3,2,2.9,8,0,No
EMP2447,4.5,3,2,4.5,18,0,No
EMP2448,3.6,3,2,4.8,21,0,No
EMP2449,2.7,1,4,3.0,25,1,No
EMP2450,3.0,2,2,3.4,9,0,Yes
EMP2451,2.3,1,2,1.7,56,1,No
EMP2452,2.2,3,3,2.0,28,0,No
EMP2453,3.6,2,1,3.4,12,1,No
EMP2454,4.0,3,3,4.7,23,0,No
EMP2455,4.8,4,2,4.7,30,0,No
EMP2456,3.4,3,2,3.4,17,1,No
EMP2457,3.2,1,1,3.0,17,0,No
EMP2458,2.6,3,2,1.5,24,1,No
EMP2459,4.1,2,1,4.6,41,1,No
EMP2460,3.7,4,2,3.0,51,1,No
EMP2461,3.0,1,1,2.8,32,1,No
EMP2462,3.9,2,3,3.3,24,1,No
EMP2463,3.8,3,3,3.6,32,1,No
EMP2464,2.1,1,3,1.9,22,1,No
EMP2465,3.9,2,3,3.7,24,1,No
EMP2466,3.5,2,2,4.1,22,0,Yes
EMP2467,3.1,2,2,2.6,26,1,No
EMP2468,3.1,1,3,3.0,80,1,Yes
EMP2469,4.6,2,1,4.8,33,0,No
EMP2470,4.5,2,2,4.3,37,0,No
EMP2471,4.7,1,3,4.5,52,1,No
EMP2472,2.6,2,2,3.4,25,0,No
EMP2473,2.9,4,1,3.2,13,0,No
EMP2474,4.0,3,2,3.7,9,0,No
EMP2475,2.6,1,4,2.7,46,1,Yes
EMP2476,2.9,1,3,2.5,17,0,No
EMP2477,2.1,2,2,2.3,26,0,No
EMP2478,4.7,2,3,4.1,6,0,No
EMP2479,4.1,4,2,4.4,24,1,Yes
EMP2480,3.7,4,3,3.9,24,0,No
EMP2481,3.6,1,3,3.7,10,1,No
EMP2482,3.1,2,2,3.1,31,0,No
EMP2483,3.1,2,3,3.2,39,0,No
EMP2484,3.8,2,2,3.5,71,1,No
EMP2485,2.9,3,3,2.9,26,0,Yes
EMP2486,4.3,4,3,4.5,79,1,No
EMP2487,3.1,3,2,3.3,36,0,No
EMP2488,2.8,4,2,2.4,43,1,Yes
EMP2489,4.3,3,3,4.5,14,0,No
EMP2490,3.3,3,2,2.8,52,1,No
EMP2491,3.8,2,3,3.5,40,0,No
EMP2492,3.1,3,2,2.8,18,1,No
EMP2493,1.8,1,3,1.6,3,0,No
EMP2494,3.8,1,2,3.8,32,0,Yes
EMP2495,2.5,3,4,2.8,26,0,No
EMP2496,4.2,1,2,4.6,24,1,No
EMP2497,2.3,3,3,2.5,9,0,No
EMP2498,2.1,1,2,1.8,90,1,No
EMP2499,3.6,2,2,3.9,17,1,No
EMP2500,3.7,2,3,4.1,65,1,No
EMP2501,3.5,2,3,3.2,81,1,No
EMP2502,2.6,3,2,2.1,37,0,Yes
EMP2503,4.0,3,2,3.9,12,0,No
EMP2504,2.4,3,3,3.2,43,1,No
EMP2505,3.1,2,3,3.0,5,0,No
EMP2506,2.8,2,3,2.7,9,0,No
EMP2507,3.1,1,2,3.4,24,0,No
EMP2508,4.0,4,2,3.5,45,0,No
EMP2509,3.0,1,2,2.6,54,1,No
EMP2510,3.8,3,2,3.8,14,0,Yes
EMP2511,3.9,1,2,4.2,24,0,No
EMP2512,2.2,2,1,2.1,17,0,No
EMP2513,2.6,2,2,2.3,3,0,No
EMP2514,3.1,2,2,2.4,30,0,Yes
EMP2515,3.0,3,1,3.6,58,1,No
EMP2516,3.6,2,4,3.1,46,1,No
EMP2517,2.0,2,1,2.5,4,1,No
EMP2518,3.9,3,1,3.6,12,0,No
EMP2519,3.9,2,3,4.4,10,0,No
EMP2520,3.3,1,3,4.0,18,0,No
EMP2521,2.4,2,2,2.1,24,0,No
EMP2522,3.4,4,3,3.6,14,0,No
EMP2523,3.0,2,1,3.3,27,1,No
EMP2524,3.8,1,2,4.3,39,1,No
EMP2525,3.3,2,3,3.2,32,1,No
EMP2526,3.9,2,2,4.4,11,0,Yes
EMP2527,3.1,2,1,3.1,64,1,No
EMP2528,4.4,2,3,4.0,56,1,Yes
EMP2529,1.8,2,3,2.2,11,0,No
EMP2530,2.7,2,3,3.2,3,0,No
EMP2531,3.7,3,2,3.7,8,0,No
EMP2532,2.3,2,2,2.3,19,1,Yes
EMP2533,3.9,3,2,4.2,40,1,Yes
EMP2534,2.5,3,1,3.2,34,0,No
EMP2535,3.5,3,4,3.0,70,1,No
EMP2536,2.8,2,3,3.2,17,0,Yes
EMP2537,3.1,2,4,3.9,27,1,No
EMP2538,3.5,3,4,3.1,76,1,Yes
EMP2539,3.3,2,3,3.5,45,0,No
EMP2540,3.1,2,2,3.1,45,0,No
EMP2541,4.9,3,3,5.0,35,1,No
EMP2542,3.4,1,3,3.9,4,0,No
EMP2543,2.7,2,3,2.1,11,0,No
EMP2544,4.0,2,3,3.8,34,1,No
EMP2545,4.0,5,3,3.4,40,1,No
EMP2546,4.3,3,3,4.2,39,0,No
EMP2547,4.7,4,4,5.0,41,1,No
EMP2548,2.7,2,2,2.3,42,0,No
EMP2549,4.1,3,4,3.9,21,0,No
EMP2550,4.2,3,2,4.0,31,0,No
EMP2551,3.4,3,3,3.6,18,0,No
EMP2552,3.6,2,2,3.5,9,1,No
EMP2553,1.3,1,1,1.0,70,1,No
EMP2554,3.0,1,4,2.7,42,0,No
EMP2555,4.7,3,4,4.6,7,0,No
EMP2556,2.1,2,3,1.6,44,0,No
EMP2557,3.0,4,2,2.0,70,1,No
EMP2558,3.6,3,2,4.1,28,1,No
EMP2559,3.8,2,2,3.9,19,0,Yes
EMP2560,4.5,3,2,4.3,13,0,No
EMP2561,2.2,3,3,2.1,28,0,No
EMP2562,3.4,3,2,3.7,15,0,No
EMP2563,4.0,2,2,3.7,7,1,No
EMP2564,2.5,2,2,2.5,22,0,No
EMP2565,3.4,2,3,3.2,50,1,No
EMP2566,4.7,3,3,5.0,22,0,No
EMP2567,4.3,3,3,3.3,20,1,Yes
EMP2568,3.8,3,2,3.2,9,0,No
EMP2569,1.6,2,2,2.2,25,1,No
EMP2570,3.3,1,1,2.8,11,0,No
EMP2571,3.7,2,3,3.4,69,1,No
EMP2572,3.2,2,1,2.7,76,1,No
EMP2573,3.4,4,4,2.5,42,0,Yes
EMP2574,5.0,2,3,5.0,27,0,No
EMP2575,3.2,3,2,3.5,24,1,No
EMP2576,2.7,1,2,2.8,30,0,No
EMP2577,3.6,4,3,3.1,87,1,No
EMP2578,3.2,3,3,3.0,28,0,No
EMP2579,3.2,3,3,3.9,3,0,No
EMP2580,3.3,2,1,3.2,34,0,No
EMP2581,3.9,2,2,3.5,39,0,No
EMP2582,3.6,1,3,4.0,22,0,No
EMP2583,2.6,1,3,2.5,25,0,No
EMP2584,3.3,2,3,2.5,17,0,No
EMP2585,3.7,3,3,3.4,37,1,No
EMP2586,3.1,3,3,3.5,77,1,No
EMP2587,4.2,3,5,4.1,12,0,Yes
EMP2588,3.9,3,2,3.9,18,1,No
EMP2589,2.7,2,1,3.0,36,0,No
EMP2590,3.6,4,3,3.3,9,0,No
EMP2591,4.8,2,1,4.2,58,1,No
EMP2592,4.5,2,2,4.5,37,1,No
EMP2593,3.4,2,2,3.1,31,0,No
EMP2594,4.0,2,1,4.0,19,0,No
EMP2595,2.9,2,2,2.6,26,0,Yes
EMP2596,2.4,2,1,2.1,52,0,No
EMP2597,3.8,3,3,3.2,10,1,No
EMP2598,3.6,3,2,3.7,8,0,No
EMP2599,3.8,2,2,4.6,14,0,No
EMP2600,3.4,3,3,2.9,13,1,No
EMP2601,3.6,2,1,4.1,26,1,No
EMP2602,3.0,2,2,3.3,10,0,No
EMP2603,3.7,2,3,3.4,47,0,No
EMP2604,4.0,4,2,3.6,18,0,No
EMP2605,3.4,3,2,3.6,2,0,No
EMP2606,4.0,2,2,3.9,25,1,No
EMP2607,2.2,3,3,2.1,32,1,No
EMP2608,2.8,2,3,2.6,39,1,Yes
EMP2609,4.4,3,3,5.0,21,1,Yes
EMP2610,4.6,2,2,3.9,53,1,No
EMP2611,3.6,1,3,3.8,51,1,No
EMP2612,3.3,1,4,4.1,26,1,No
EMP2613,2.5,1,2,2.6,9,0,No
EMP2614,3.7,3,1,4.6,4,1,No
EMP2615,3.9,1,2,3.9,92,1,No
EMP2616,2.4,3,3,2.5,2,0,No
EMP2617,3.8,1,2,4.1,40,1,No
EMP2618,3.7,2,4,3.4,84,1,No
EMP2619,3.7,3,2,3.7,47,1,No
EMP2620,2.6,4,3,2.8,12,1,No
EMP2621,3.8,2,3,3.5,20,1,No
EMP2622,2.4,2,3,2.6,77,1,No
EMP2623,4.4,2,3,4.8,10,0,No
EMP2624,3.5,2,2,3.0,49,0,No
EMP2625,2.6,2,3,2.6,13,0,No
EMP2626,4.3,2,3,4.5,13,1,No
EMP2627,4.2,2,3,3.9,26,1,Yes
EMP2628,2.9,2,3,3.3,51,1,No
EMP2629,4.9,3,2,5.0,44,1,No
EMP2630,2.7,3,2,2.5,22,0,No
EMP2631,3.6,3,2,3.7,19,1,Yes
EMP2632,4.2,2,1,4.0,48,1,No
EMP2633,1.8,1,2,1.8,26,0,No
EMP2634,4.1,2,3,4.3,23,0,No
EMP2635,3.4,1,3,3.3,57,1,No
EMP2636,3.4,5,2,3.5,77,1,No
EMP2637,2.6,2,3,2.4,23,0,No
EMP2638,3.6,2,3,4.1,14,0,No
EMP2639,2.6,2,4,3.0,18,1,No
EMP2640,2.7,1,3,2.5,8,0,No
EMP2641,3.1,2,4,3.3,35,1,Yes
EMP2642,2.5,3,4,3.6,36,1,No
EMP2643,4.5,3,3,4.3,43,0,Yes
EMP2644,2.5,2,2,3.1,6,0,Yes
EMP2645,2.9,1,3,4.0,37,0,Yes
EMP2646,3.2,3,2,3.1,27,0,No
EMP2647,3.4,1,3,3.7,11,1,No
EMP2648,4.0,5,2,3.1,32,1,No
EMP2649,4.0,1,3,4.6,22,0,No
EMP2650,3.2,1,2,3.5,45,1,No
EMP2651,3.1,3,2,3.5,31,1,No
EMP2652,3.4,2,3,3.5,29,1,No
EMP2653,4.0,1,3,4.4,20,1,No
EMP2654,3.9,3,2,4.4,11,1,Yes
EMP2655,3.0,3,1,3.3,10,0,No
EMP2656,2.0,2,2,1.9,13,0,Yes
EMP2657,4.9,2,2,4.9,36,0,No
EMP2658,4.1,3,3,4.1,55,1,No
EMP2659,3.6,3,1,3.5,23,0,No
EMP2660,3.6,2,1,3.3,27,0,No
EMP2661,3.0,3,2,2.5,14,0,No
EMP2662,2.7,2,2,2.7,22,0,No
EMP2663,3.2,1,2,2.8,39,0,No
EMP2664,3.2,2,2,3.1,53,1,No
EMP2665,3.0,3,2,2.5,65,1,Yes
EMP2666,2.4,2,3,1.9,5,0,Yes
EMP2667,3.2,2,2,3.0,31,1,No
EMP2668,3.8,1,2,3.7,21,0,No
EMP2669,3.1,2,2,4.0,6,1,Yes
EMP2670,3.4,3,1,3.4,9,0,No
EMP2671,2.0,2,3,2.4,40,0,Yes
EMP2672,3.3,4,3,3.5,9,0,No
EMP2673,3.3,2,3,3.4,16,0,No
EMP2674,2.5,3,3,2.4,35,0,Yes
EMP2675,2.2,1,3,2.5,39,1,No
EMP2676,3.7,2,4,3.9,8,0,No
EMP2677,2.8,2,1,2.3,43,0,No
EMP2678,3.7,4,1,4.0,10,0,No
EMP2679,3.1,3,2,3.0,17,0,No
EMP2680,3.8,2,1,3.2,10,0,No
EMP2681,3.2,1,3,2.9,31,1,No
EMP2682,2.3,1,3,2.6,20,0,No
EMP2683,3.3,2,2,3.7,22,0,Yes
EMP2684,3.2,4,1,3.2,0,0,No
EMP2685,3.9,2,2,4.4,16,1,No
EMP2686,3.1,2,2,3.4,17,1,No
EMP2687,3.1,1,1,2.5,16,1,No
EMP2688,4.0,2,1,3.6,4,0,No
EMP2689,4.2,3,1,4.4,25,0,Yes
EMP2690,3.9,3,3,3.6,52,1,Yes
EMP2691,4.1,3,2,3.9,24,0,No
EMP2692,3.7,3,3,3.8,16,0,No
EMP2693,3.9,3,2,3.8,10,0,No
EMP2694,4.0,3,3,3.7,25,0,No
EMP2695,3.7,2,3,3.2,14,0,No
EMP2696,3.4,1,2,4.2,45,1,No
EMP2697,3.5,1,1,3.0,30,0,No
EMP2698,5.0,4,3,4.8,26,1,No
EMP2699,3.4,3,2,3.9,57,1,No
EMP2700,3.2,2,3,3.2,31,0,No
EMP2701,3.1,1,3,2.7,72,1,Yes
EMP2702,3.4,2,4,3.0,68,1,No
EMP2703,3.6,1,4,4.1,20,1,No
EMP2704,2.6,2,3,2.9,8,0,Yes
EMP2705,2.0,2,4,1.2,44,1,No
EMP2706,3.6,3,4,3.1,23,0,No
EMP2707,2.3,2,4,2.6,23,0,Yes
EMP2708,3.6,3,1,4.3,26,0,No
EMP2709,3.5,2,2,3.3,18,1,No
EMP2710,4.2,3,4,4.6,3,0,No
EMP2711,4.6,4,3,4.0,29,1,No
EMP2712,3.7,2,2,3.0,34,1,No
EMP2713,3.0,2,3,2.5,51,1,No
EMP2714,2.6,2,2,2.8,22,0,Yes
EMP2715,2.8,3,1,2.9,64,0,No
EMP2716,3.4,1,1,3.7,35,0,No
EMP2717,2.0,3,4,1.3,13,0,No
EMP2718,3.5,3,3,4.2,10,0,No
EMP2719,3.4,3,3,3.2,40,0,No
EMP2720,3.9,2,2,5.0,3,0,No
EMP2721,3.2,1,3,3.3,15,0,No
EMP2722,3.5,2,2,2.8,21,0,No
EMP2723,2.9,2,1,2.9,21,0,Yes
EMP2724,3.1,3,3,2.8,12,1,No
EMP2725,2.2,1,1,2.8,13,0,Yes
EMP2726,3.5,4,2,3.6,32,1,No
EMP2727,4.5,3,3,5.0,45,0,No
EMP2728,3.5,4,2,3.2,54,1,No
EMP2729,3.7,2,2,3.4,26,1,No
EMP2730,2.7,1,1,2.8,60,1,No
EMP2731,4.4,1,2,4.4,20,1,No
EMP2732,2.9,2,3,2.5,23,0,No
EMP2733,4.0,3,3,4.2,20,0,No
EMP2734,3.5,1,3,4.0,26,1,No
EMP2735,2.7,2,1,2.6,13,0,Yes
EMP2736,4.1,3,2,3.9,12,1,No
EMP2737,3.4,2,3,3.2,23,1,Yes
EMP2738,3.5,4,2,3.7,43,0,Yes
EMP2739,3.7,3,2,3.7,25,1,No
EMP2740,3.4,2,1,3.6,31,0,No
EMP2741,3.1,2,3,3.6,12,0,No
EMP2742,3.7,2,4,3.6,25,1,No
EMP2743,3.1,2,3,3.0,5,0,Yes
EMP2744,3.4,2,3,3.3,34,1,No
EMP2745,2.9,4,2,3.5,33,0,No
EMP2746,2.4,2,1,2.4,27,1,No
EMP2747,2.9,2,3,2.9,20,0,No
EMP2748,3.1,5,4,3.0,66,1,No
EMP2749,3.4,3,3,3.8,24,0,No
EMP2750,4.2,3,3,4.4,17,0,No
EMP2751,2.2,2,3,1.7,4,0,No
EMP2752,3.5,1,1,3.9,36,1,Yes
EMP2753,1.9,3,3,2.1,14,0,No
EMP2754,2.7,2,2,3.2,39,0,No
EMP2755,3.0,2,2,3.2,25,1,No
EMP2756,1.8,1,2,1.8,16,0,No
EMP2757,2.1,2,1,1.7,40,0,No
EMP2758,3.5,2,3,3.9,42,1,No
EMP2759,3.5,1,2,4.0,32,1,No
EMP2760,3.3,3,1,2.9,34,1,No
EMP2761,2.8,2,4,2.8,32,1,No
EMP2762,4.9,4,2,5.0,32,1,No
EMP2763,3.3,4,3,3.2,6,0,No
EMP2764,2.8,3,3,3.0,31,0,Yes
EMP2765,4.6,2,2,4.4,25,0,No
EMP2766,3.8,2,4,3.5,33,1,No
EMP2767,3.1,3,2,3.6,17,1,No
EMP2768,4.2,3,3,3.5,33,0,Yes
EMP2769,3.5,3,3,3.8,14,0,No
EMP2770,3.9,2,4,3.6,31,0,No
EMP2771,3.6,1,2,3.6,35,0,No
EMP2772,2.7,1,2,2.4,56,0,No
EMP2773,4.1,3,2,4.2,11,1,Yes
EMP2774,3.5,3,3,3.2,37,1,No
EMP2775,2.7,2,2,2.8,39,1,No
EMP2776,2.9,3,3,2.3,67,1,No
EMP2777,4.1,3,4,3.7,15,0,No
EMP2778,3.1,2,2,3.0,15,0,No
EMP2779,3.4,3,2,3.7,12,1,No
EMP2780,3.9,2,2,3.6,29,0,No
EMP2781,3.5,3,3,4.3,5,0,No
EMP2782,2.3,3,4,2.1,31,0,No
EMP2783,3.8,3,3,4.1,18,0,No
EMP2784,4.1,3,3,3.4,15,0,No
EMP2785,4.0,2,2,3.6,73,1,Yes
EMP2786,4.5,2,3,4.1,56,1,No
EMP2787,3.7,2,4,3.2,65,1,No
EMP2788,3.9,3,3,3.3,15,1,No
EMP2789,4.5,1,2,4.3,28,1,No
EMP2790,3.2,2,1,2.9,7,0,No
EMP2791,4.6,4,3,5.0,59,0,Yes
EMP2792,4.6,3,4,4.6,47,1,No
EMP2793,3.9,1,1,4.0,30,1,No
EMP2794,4.7,3,3,3.8,83,1,Yes
EMP2795,4.0,2,3,4.6,54,1,No
EMP2796,2.8,2,2,3.4,66,1,No
EMP2797,4.2,2,1,3.7,2,0,No
EMP2798,3.6,3,3,3.2,29,1,No
EMP2799,3.7,3,1,3.4,23,1,No
EMP2800,3.5,2,2,4.1,40,0,No
EMP2801,4.4,2,2,3.9,8,0,No
EMP2802,3.8,4,4,3.4,15,0,No
EMP2803,2.9,1,3,2.2,54,0,No
EMP2804,3.7,1,1,3.8,16,0,No
EMP2805,3.9,2,1,4.2,24,1,Yes
EMP2806,2.9,3,4,2.5,46,1,No
EMP2807,3.1,1,3,3.6,19,0,No
EMP2808,3.1,3,2,3.2,11,1,Yes
EMP2809,3.0,1,2,2.7,40,1,No
EMP2810,3.6,2,2,3.8,24,0,No
EMP2811,4.1,2,2,4.6,6,0,No
EMP2812,4.7,3,1,5.0,77,1,Yes
EMP2813,4.2,3,1,4.4,44,1,Yes
EMP2814,4.1,2,1,4.6,69,1,No
EMP2815,4.2,1,2,4.2,62,1,Yes
EMP2816,4.3,2,4,4.4,17,0,No
EMP2817,3.1,2,3,3.8,34,0,No
EMP2818,3.9,2,2,3.9,28,0,No
EMP2819,3.6,3,2,3.3,46,1,Yes
EMP2820,3.3,1,2,2.8,37,1,No
EMP2821,3.1,3,3,2.9,45,0,No
EMP2822,3.0,3,5,2.2,43,1,Yes
EMP2823,3.2,3,2,2.8,8,0,No
EMP2824,2.5,2,1,2.0,61,0,No
EMP2825,3.8,2,4,3.7,65,1,No
EMP2826,3.4,2,1,2.8,43,1,No
EMP2827,3.5,2,1,3.5,84,1,No
EMP2828,3.6,4,2,3.6,52,1,No
EMP2829,3.9,1,4,4.2,28,1,No
EMP2830,3.0,2,2,3.4,43,1,No
EMP2831,3.3,1,1,3.9,13,0,No
EMP2832,2.3,2,2,2.2,36,1,No
EMP2833,1.8,2,1,1.2,19,0,No
EMP2834,2.0,1,3,2.3,21,0,No
EMP2835,4.5,4,4,4.7,4,0,Yes
EMP2836,2.1,3,1,1.9,18,1,No
EMP2837,3.7,2,3,4.0,64,1,No
EMP2838,4.4,2,1,5.0,7,1,No
EMP2839,3.1,1,2,3.3,68,1,No
EMP2840,4.5,2,2,4.3,25,1,No
EMP2841,4.7,2,3,4.8,8,0,Yes
EMP2842,4.1,1,1,3.7,25,1,No
EMP2843,5.0,1,1,5.0,30,0,Yes
EMP2844,3.8,3,3,3.3,21,0,No
EMP2845,2.9,2,2,2.5,63,1,No
EMP2846,3.8,5,3,4.2,34,0,No
EMP2847,3.1,4,3,3.0,15,0,Yes
EMP2848,2.5,2,2,2.0,47,1,No
EMP2849,2.5,3,4,2.9,6,0,No
EMP2850,5.0,3,3,5.0,63,1,No
EMP2851,3.0,4,4,2.3,46,1,No
EMP2852,3.4,2,2,3.7,21,0,No
EMP2853,2.9,1,3,3.3,64,1,No
EMP2854,3.5,2,2,4.3,63,0,No
EMP2855,3.2,2,1,3.4,18,0,No
EMP2856,3.1,3,2,3.4,29,1,Yes
EMP2857,2.6,2,4,2.7,8,0,Yes
EMP2858,2.4,2,2,2.7,19,0,No
EMP2859,2.9,1,3,3.6,26,0,No
EMP2860,3.6,3,3,3.9,4,0,No
EMP2861,4.9,4,1,4.7,9,0,No
EMP2862,4.1,3,1,4.1,9,0,No
EMP2863,4.7,2,1,5.0,35,1,No
EMP2864,3.7,4,2,3.2,17,0,No
EMP2865,3.3,3,2,3.1,14,0,No
EMP2866,2.5,3,1,2.2,16,1,No
EMP2867,3.4,2,2,3.9,11,0,No
EMP2868,1.9,2,4,1.6,32,1,Yes
EMP2869,3.2,2,3,3.0,19,0,No
EMP2870,4.6,3,2,4.6,23,1,No
EMP2871,3.6,1,1,3.8,23,0,No
EMP2872,4.2,2,3,4.5,1,0,No
EMP2873,3.1,2,2,2.6,23,1,Yes
EMP2874,2.5,2,2,2.0,7,0,No
EMP2875,3.1,3,3,2.5,24,0,No
EMP2876,3.1,1,4,3.6,28,0,Yes
EMP2877,4.3,1,3,4.2,8,0,No
EMP2878,4.8,2,3,4.9,38,1,No
EMP2879,2.9,3,3,2.9,42,0,No
EMP2880,3.2,2,1,2.6,39,1,No
EMP2881,3.3,1,2,2.6,28,1,No
EMP2882,3.2,2,2,2.8,26,0,No
EMP2883,2.5,3,3,3.3,44,0,No
EMP2884,3.5,1,3,3.4,27,0,No
EMP2885,3.7,4,2,3.9,2,0,No
EMP2886,3.7,2,2,3.3,89,1,No
EMP2887,2.6,2,1,3.7,2,0,No
EMP2888,3.3,2,2,3.3,17,1,No
EMP2889,2.2,3,2,1.6,5,0,No
EMP2890,4.1,2,2,3.9,23,0,No
EMP2891,2.7,3,3,2.8,48,0,No
EMP2892,3.2,2,1,3.6,2,0,No
EMP2893,3.1,2,3,3.0,13,1,No
EMP2894,3.0,4,2,3.3,33,1,No
EMP2895,2.7,2,2,2.8,23,0,No
EMP2896,2.2,3,2,2.3,8,1,No
EMP2897,4.6,3,1,4.4,55,1,No
EMP2898,3.6,4,3,3.8,5,0,No
EMP2899,3.6,2,2,4.1,12,0,No
EMP2900,4.9,3,3,4.9,8,0,No
EMP2901,3.4,3,3,3.3,27,0,Yes
EMP2902,3.8,2,1,4.9,23,1,Yes
EMP2903,3.4,2,1,3.7,10,0,No
EMP2904,4.3,4,2,4.6,38,1,No
EMP2905,3.8,2,3,3.2,33,0,No
EMP2906,3.6,4,2,4.1,7,1,No
EMP2907,3.2,2,3,2.6,45,1,No
EMP2908,3.6,1,3,4.1,68,1,No
EMP2909,4.2,1,2,4.3,40,1,No
EMP2910,2.0,1,2,1.8,39,0,No
EMP2911,3.3,3,4,3.0,29,1,No
EMP2912,3.1,1,4,3.2,26,0,Yes
EMP2913,3.2,4,1,3.0,23,1,No
EMP2914,2.0,2,3,1.3,56,0,No
EMP2915,3.9,4,3,4.3,24,1,Yes
EMP2916,2.8,2,2,2.2,13,0,No
EMP2917,3.3,3,2,3.2,27,1,Yes
EMP2918,3.1,3,3,2.9,22,1,Yes
EMP2919,2.3,1,5,2.9,30,1,No
EMP2920,3.1,2,4,2.5,7,0,No
EMP2921,2.1,3,3,2.5,23,0,No
EMP2922,2.8,1,2,3.0,42,0,No
EMP2923,3.2,2,2,2.0,17,0,Yes
EMP2924,3.4,1,4,2.8,32,1,No
EMP2925,3.5,4,3,3.2,10,0,Yes
EMP2926,3.3,2,2,2.9,14,0,No
EMP2927,4.9,2,3,5.0,28,1,Yes
EMP2928,3.7,3,3,3.9,80,1,No
EMP2929,2.6,3,5,3.0,27,0,Yes
EMP2930,3.0,2,2,2.7,27,0,No
EMP2931,3.0,3,3,3.2,18,0,No
EMP2932,3.3,1,4,3.2,56,0,No
EMP2933,3.0,2,1,3.2,28,0,No
EMP2934,2.8,2,3,2.8,93,1,No
EMP2935,4.6,3,2,4.6,2,0,No
EMP2936,3.5,3,3,3.4,15,0,No
EMP2937,3.2,1,2,3.4,25,1,No
EMP2938,3.2,1,2,3.2,7,0,Yes
EMP2939,3.3,1,3,2.9,30,0,No
EMP2940,4.4,4,2,3.6,41,1,No
EMP2941,3.8,3,4,4.2,11,1,Yes
EMP2942,4.2,1,2,4.5,5,0,No
EMP2943,1.2,2,3,1.2,44,1,No
EMP2944,3.7,2,1,4.2,55,1,No
EMP2945,4.2,2,3,4.2,31,1,No
EMP2946,4.8,2,3,4.8,38,1,No
EMP2947,3.4,2,3,3.2,10,0,No
EMP2948,2.2,1,3,2.7,3,1,No
EMP2949,3.8,3,2,4.5,90,1,No
EMP2950,3.0,3,3,2.9,66,1,No
EMP2951,2.2,2,2,2.0,39,1,No
EMP2952,3.0,2,1,3.4,49,1,No
EMP2953,4.2,2,1,4.6,16,1,No
EMP2954,4.3,2,2,4.6,51,1,Yes
EMP2955,3.9,2,5,3.3,21,1,No
EMP2956,2.7,2,3,2.8,31,1,Yes
EMP2957,5.0,1,2,5.0,24,0,Yes
EMP2958,2.6,1,2,2.5,47,1,No
EMP2959,3.4,1,2,3.6,68,0,No
EMP2960,2.4,1,2,2.3,14,0,Yes
EMP2961,4.3,1,2,4.5,55,1,No
EMP2962,3.7,3,3,3.7,21,1,Yes
EMP2963,4.0,3,2,3.9,19,1,Yes
EMP2964,3.5,2,2,4.2,53,1,No
EMP2965,3.4,3,3,3.4,37,1,No
EMP2966,3.5,2,3,3.8,92,1,No
EMP2967,2.1,1,3,2.5,6,0,No
EMP2968,4.1,1,3,3.7,22,0,No
EMP2969,4.1,2,2,4.0,17,0,No
EMP2970,3.2,2,3,2.9,18,1,No
EMP2971,3.4,1,2,3.3,21,0,No
EMP2972,3.6,3,3,3.1,29,0,No
EMP2973,4.5,2,3,4.9,26,1,Yes
EMP2974,3.7,5,2,3.7,7,0,No
EMP2975,3.5,3,2,3.0,57,1,No
EMP2976,3.1,2,2,3.3,26,0,No
EMP2977,2.4,4,2,2.0,26,0,No
EMP2978,3.0,4,2,2.4,20,1,No
EMP2979,3.5,2,2,3.7,10,1,No
EMP2980,3.3,3,2,3.3,17,0,No
EMP2981,3.5,2,2,3.2,29,0,No
EMP2982,4.0,3,3,4.3,22,1,Yes
EMP2983,3.7,2,2,3.9,78,1,No
EMP2984,3.6,3,2,3.7,17,0,No
EMP2985,3.9,2,1,4.3,65,1,No
EMP2986,3.6,2,1,3.7,9,1,No
EMP2987,3.4,1,2,3.9,39,0,No
EMP2988,3.8,1,1,4.0,58,1,No
EMP2989,2.2,1,4,2.3,73,1,No
EMP2990,4.3,2,2,3.2,36,0,No
EMP2991,2.5,2,1,2.4,18,0,No
EMP2992,4.0,4,4,4.8,20,1,No
EMP2993,3.4,3,3,3.2,8,1,No
EMP2994,4.2,2,2,4.2,33,1,No
EMP2995,3.5,2,2,3.3,61,1,No
EMP2996,2.8,3,2,2.1,7,1,No
EMP2997,4.2,3,1,4.5,28,1,No
EMP2998,3.6,2,4,4.4,7,0,Yes
EMP2999,3.5,4,2,4.2,41,1,No
EMP3000,3.5,3,4,3.4,56,0,No
